star,date,info,content
평점3,23.09.07.,모델선택: 512GB / 색상선택: 라벤더,"크림 구매하고 싶었는데ㅠㅠ 품절이라서 라벤더로 샀어요? 네이버에서 구매하게 된 이유 : 타사대비 약1만원정도 여기가 더 저렴했구요국민카드는 실적 이미 끝나서.. 다른 카드 실적채울겸 다른데서 살까 고민하다가 네포 1만정도면 어느정도 커버될거같아서 결국 구매결정했습니다!라방이 저녁이었고 다음날 바로 도착했지만 케이스랑 강화유리필름 부착하고 사용하려고 하루정도 놔뒀네요ㅎㅎㅎ? 택배 개봉 후기 : 전자기기인데 뾱뾱이나 에어백같은게 아닌 종이 꾸겨넣은거 위,아래 2장. 꽉 채운거도 아니라 흔들면 안에 폰 상자 요동치는 소리 들릴정도..씰 상태를 보니 새거는 맞는거 같은데 바코드 스티커 부분이 먼지 구덩이에 들어갔다 나온 것처럼 흙먼지 묻은거 같음? s23 구매계기 및 s10 5g와 느낌 비교 : s10 5g로 5년 가까이 사용했고 배터리 광탈해서 교체해야되는데.. 추운데서 일하다 떨어뜨렸더니 폰이 얼어서 뒤판이 깨져버려서ㅜㅜ 배터리 교체 못하려면 뒤판까지 두배로 들기에 플렉스 했습니다나름 엣지 화면에 적응된 상태였어서 플랫한 화면이 작응이 잘 안되는듯 하나 두개 다 나름의 매력이 있네요오랫만에 작은 폰 쓰는데.. 화면 작으면 답답할까봐 걱정했는데 음.. 그대로 데이트 및 폰트 옮기고 설정 손 안대고 봤을 때 글씨 크기는 더 작아보이네요ㅎ.ㅎ..배터리가 얼마나 갈지가 가장 궁금한데..! 더 써보고 한달후기로 올게요"
평점5,23.06.15.,용량: S23울트라 256GB / 색상: 그린,"어제(14일)저녁 8시에 주문했는데오늘 오후 2시에 왔네요~배송 진짜 빨라요ㅎ아버지 핸드폰이 너무 오래되서친구 분들도 다 좋은 폰 쓰신다는부러움 섞인 하소연과지인이 갤럭시 23 울트라 쓰는데화질이 너무 좋아아버지 생신 맞아 주문했어요~대리점 여러군데 뿐 아니라자급제도 쿠* 뿐 아니라이것 저것 엄청 뒤졌는데여기가 제일 싸네요^^아버지도 너무 좋아하셨구요~다만 종이 박스에 완충제는 종이 하나 깔려 와서그거는 조금 놀랬어요ㅋ그래도 빠른 배송에, 싼 가격으로 최신폰을 구매한 것에완전 만족합니다~잘 쓰겠습니다."
평점5,23.07.02.,모델선택: 256GB / 색상선택: 그린,아내에게 사줬는데 아내가 너무 좋아하네요~배송 별 다섯개배송 진짜 빠릅니다 다음날 도착보장이여서 그런지 하루만에 잘 도착했습니다~라이브 방송 나올때 구매했는데 그래서 혜택이 좋네요 저렴하게 잘 구매했습니다~ 색깔은 그린색인데 너무 딥 하지도 않고 적당한것 같네요 생폰으로 하고 다니고 싶지만 비싸니 케이스 껴야겠어요~ ㅎㅎ 화면도 선명하고 좋습니다~ 주사율120hz 안써도 그렇게 느리지 않고 또 선명하고 좋아요~ 사진 화질도 말할 필요없이 좋습니다~ 아내의 전 폰은 노트10인데 그 폰에 있던거 고대로 옮길수 있어서 그냥 사용하던 폰처럼 사용하는게 너무 편하다고 하네요 좋은제품 판매해주셔서 감사합니다~
평점5,23.06.18.,용량: S23 512G / 색상: 크림,"역시 갤S23 소문대로 아주 좋네요.25W 충전기도 1~2일 지나서 도착했고요.포장이 허술하다고 적혀있는 글들이 종종있었는데, 뽁뽁이에 포장되서 왔으면 구매자들이 좀 더 기분 좋을듯 합니다.동작 이상없고 따로 구매한 케이스에도 쏙 들어가서 아주 만족합니다. ^^삼성공식판매처라 믿음이 더 가네요~~번창하세요."
평점4,23.06.22.,용량: S23플러스 256GB / 색상: 그린,자급제 처음 구매라 걱정  됫는데 좋네요4%쿠폰 때문에 정신이 없던거 와 A34도 쌓여있던 종이포장이 비싼 S23플러스에 없는 게 살짝 당황하긴 했지만 기계에 이상 없이 사용하고 있는거에 만족합니다. 배송이 너무 빨라도 의심이....ㅎ충전기 헤드는 이틀 뒤에 따로 받았는데 폰 검수 다 하고 같이 보내주셔도 될듯요~(제 생각이 그래요)
평점5,23.06.20.,용량: S23플러스 512GB / 색상: 크림,자급제 처음이라 걱정 햇는데 고장없이 잘 사용 중  입니다. 주문한 다음날 저녁에 도착햇어요 배송 최고!!쿠폰에 문제가 있어 급하게 사느라 정신이 없엇긴 햇지만 약정 요금제 싫고 스마트스위치로 기존 폰에서 가져오는 것도 쉽고 저한테는 자급제가 딱이에요~S23플러스 2대 같이 사려다 아이디당 1대만 구매 가능해서 살짝 당황햇어요충전기는 다음날 따로 와서 받앗습니다.택배 비용 아까운듯ㅎ
평점5,23.06.27.,용량: S23울트라 512GB / 색상: 크림,"갤럭시 S10 사예로 구매해서 쓰다가 이제야 바꾸게되었네요.핸드폰 자급제로 구매하려고 찾고있다가 위드플러스를 알게되서 쿠폰도 받고 하다가 라이브방송을 한다기에 기다렸더니 좋은가격으로 구매할수있었던것같습니다.  지금 쓴지 약 2주되어가네요. 자급제로 처음 사서 써보는데, 쓰던 요금제 그래도 유심만 바꿔서 써서 매달 요금제 걱정안해도 되고, 바이올렛생각도 했는데, 오래오래 무난하게 쓰려면 크림일거같아서 크림으로 주문했어요. 카메라는 기대한것보다 더 좋고 기대됩니다. 한달 뒤에 콘서트 가는데, 거기서 큰 활약을할것같거든요! 기존 핸드폰도 512G쓰고있어서 512G로 주문했어요. 23은 칩 추가가 안된다고 ... 핸드폰 오고 다음날 충전기도 배송되어서 기분좋게 핸드폰 연결해서 쓰고있습니다. 많이 파세요~"
평점5,23.04.15.,상세페이지안내내용동의: 동의함 / 컬러: 그린,저렴하게 휴대폰 구매해서 좋네요. 다른 폰으로 찍은 사진이랑 새로 산 폰으로 강아지 움짤 찍은거 올립니다. 포장도 잘 되어서 왔어요.다른 곳에서 진열상품 구매하려다가 혹시 미개봉은 가격이 어떨지 검색해서 여기서 구매했는데. 진짜 새상품이네요. 포인트까지 생각하면 여기가 제일 저렴해요. 박스 씰까지 다 붙여져 있더라고요. 케이스랑 필름까지 서비스로 넣어주셨는데. 임시용으로 쓰다 구매하려고요. 많이 파세요.
평점3,23.06.27.,용량: S23 256GB / 색상: 라벤더,완충제가 종이 한장 접은거 라니요. 두꺼운것도 아니고 충전기는 아예 없고  이럴꺼면 박스를 작은걸로 하지 그러셨어요. 뭐 성능이야 s9썼으니 당연히 더 좋을테고 엣지 없는거 오랜만에 쓰니 좀 불편하네요. 각져 있어서 잡을때 불편하고 화면 색상이라던가 그 외가 달라서 그렇지  적응 금방하겠죠. 포장이 허술해서 고장 금방 안났으면 합니다. 잘 쓰겠습니다.
평점5,23.04.22.,정보없음,"- 구매를 고민하고 계속 지켜봤었는데 아쉽게 프린터 사은품은 놓치게 되었지만, 더 늦기전에 후다닥 주문했습니다. 배송은 평일 기준으로 약 2일 정도 소요되었기 때문에 양호한 편이었고, 첨부한 영상에서와 같이 두꺼운 종이포장 안쪽에 충전재가 든 패키징으로 파손 없이 안전하게 도착했습니다. 1. 사이즈와 컬러- 제 생각에 S23 기본형이 이번에는 정말 잘 나왔습니다. 기본형에도 베이퍼챔버가 적용되어서 발열을 잡았고 사이즈도 너무 작지않으면서 한 손 조작이 용이한 수준이기 때문에 휴대성을 중요시하는 분들에게는 플러스나 울트라보다 메리트가 있다고 봅니다. 그리고 이 사이즈에 크림 컬러가 너무 잘 어울리네요. 화이트보다 더 고급스러운 느낌의 화이트고 고릴라글래스 적용으로 내구성도 높였구요.2. 256기가 용량 및 성능- 일단 용도가 중요한데 게임을 많이 하시는게 아니거나 사진을 정말 많이 찍는분이 아니라면 256기가가 딱 적당하지 않나 싶습니다. 512로 올라가는 순간 거의 10만원 이상 차이입니다. 가격 차이를 감안하고, 일상생활에서의 용도를 고려한다면 일반 수준에서 유툽, 웹서핑, 카톡, 문서확인 정도라면 256기가로도 충분하다고 생각합니다.3. 마무리- 하이마트에 이미 한 번 방문해서 가격 확인을 한 차례 했었고, 이번에 할인소식을 접해서 구매했습니다. 행사기간이었고, 또 카드혜택도 있어서 좋은 가격에 구입해서 기분이 좋네요. 앞으로도 종종 하이마트 방문하겠습니다!"
평점5,23.08.08.,용량: S23 256GB / 색상: 크림,"금요일에 주문했고 토요일 오전에 받았습니다. 네이버 시스템상으로는 아직도 상품준비중이라고 적혀있어요.물건잘받았고요, 밖에 종이완충제가 한겹만 둘러져있어서 걱정했지만 물건에 문제는 없었습니다. 잘받았습니다. 새로사는 요즘휴대폰이었고 몇달간 고민하다가 샀는데 너무 좋아요.이하 자급제로 구매 후 할일을 적어두겠습니다. 저처럼 햇갈리시는분들을 위해.. 데이터 이동같은건 다른분이 좋은글을 많이올려주셨으니 제하겠습니다.1. 유심을 새로 꽂으면 u+기준 114에서 '유심 카드 명의 확인하기'라는 문자가 옵니다. 그 문자에 있는 링크에 들어가셔서 본인확인등을 하시면됩니다. 그래야 외부에서 데이터슬 사용할 수 있습니다.2. 확정기변이라고, 통신사에 나 휴대폰 이걸로바꿨어요 하는걸 해야하는데 보통은 통신사어플에서 할수있습니다만 안된다고 하면 신분증 챙겨서 대리점에 가세요. 잘 사용하겠습니다. 감사합니다."
평점5,23.04.09.,컬러(256GB): 256크림,"가족폰으로 교체했습니다. 노트10을 기존에 사용했는데, 노트10대비 화면 크기는 좀 줄고, 배터리, 카메라는 많이 향상되었네요. 보내주신 필름, 케이스도 주셔서, 바로 잘 사용할수 있었어요. 크림색이라 아이폰같은 느낌이고, 한손에 잡히는 그립감도 좋습니다."
평점5,23.03.17.,정보없음,"s9를 사용하다 5년만에 s23으로 바꿨는데 화면 넘김의 속도가 매우 빠르고 부드럽네요. 그리고 가장 큰 장점이라면 6.1인치 크기의 그립감과 무게, 후면의 무광이 마음에 듭니다. s9는 제가 손이 작은 편이라 그런지 한 손으로 사용할 때 불편한 느낌이 적잖게 있었고 화면 옆부분이 손바닥에 눌려서 터치가 제멋대로 되는 일이 종종 있었습니다. 게다가 빅스비 버튼이 옆에 있어서 원치 않는데 빅스비가 켜지는 경우가 종종 있어서 불편했는데 이번 s23으로 바꾸니 모든 불편점이 해소 되었네요.후면의 경우 무광처리 된 상태다 보니 고급스러움이 느껴지고 제가 손에 땀이 많은 편이라 폰을 만지다 보면 뒷면에 지문자국이 잔뜩 남았는데 s23은 지문자국이 거의 남지가 않아서 깔끔해 보입니다.다만 s9는 카메라가 튀어 나오지 않아 케이스 없이도 쓰기 좋았는데 s23은 카메라가 튀어 나와서 케이스 없이 쓰다가는 금방 망가질 거 같네요."
평점5,23.04.09.,컬러(256GB): 256크림,"컬러(256GB): 256크림가족폰으로 교체했습니다. 노트10을 기존에 사용했는데, 노트10대비 화면 크기는 좀 줄고, 배터리, 카메라는 많이 향상되었네요. 보내주신 필름, 케이스도 주셔서, 바로 잘 사용할수 있었어요. 크림색이라 아이폰같은 느낌이고, 한손에 잡히는 그립감도 좋습니다."
평점5,23.06.03.,정보없음,다음날 바로도착 총알배송이네요. 사은품 복합기도 함께 왔습니다. 아이폰 쓰다 갤럭시로 다시 왔어오. 카드할인으로 좋은가격에  구입했는데 블랙색상 무난하고 예쁩니다. 사이즈도 크지않아 휴대도 편하고 국산제품이라 사용성은 말이 필요없죠. 하이마트도 흥해라~~.
평점5,23.06.27.,용량: S23 256GB / 색상: 라벤더,"3년 쓰던 아이폰 드디어 바꿨어요! 삼성 오랜만에 사용하는데 무척 기대되네용~~여기 폰 배송이 정말 빠르네요!! 전날 밤에 주문했는데 다음날 이른 오후에 왔어요! 포장이 허술하다는 후기가 많았는데 다행히 안전히 배송되었고 작동도 잘 된답니다. 일단 요즘 폰 너무 비싼데 자급제폰 기준 쿠폰, 네이버포인트적립, 카드할인해서 나름 저렴하게 잘 구입한 것 같아요!원래 크림색 구매하고 싶었는데 구매 당시 품절이더라구요.. 그래서 라벤더 색상 구매했는데 생각보다 연한색이라서 더 마음에 들었어요! 라벤더 색상 추천!"
평점5,23.02.14.,제3자 정보제공 동의: 동의합니다 / 색상: 팬텀블랙 [ZKFKOO],생각보다 너무 마음에 들었네요~비록 ㅋ 라방에서 당첨은 안 됐지만?아쉽네요 마지막으로 다시 도전할수 있었는데 안될꺼같고 귀찮아서 그냥 첫날 구매갔어요 ㅋ아빠 선물 하려고 샀는데 제가 더 마음에 드는데요. 아이폰 쓰는데…이 사진들도 아이폰으로 찍었지만..정말 가격도 좋고 512G업그레이드에..가볍고 카툭튀도 아니라서 더 맘에 들고 여기에는 못올렸는데 멀리 있는 멍뭉이 줌해서 찍고 빵터졌어요!사진 정말 ~ 잘나옵니다요! 받자마자 팬텀 블랙보고 와~ 이뻐 했어요.아빠가 편하게 사용하실수 있게 옮기고 담고 하는데..한시간 가량 만지다 보니 너무 맘에 드는것!다음에는 저도 갈아탈까 하는 생각이 드네요.ㅠ아빠가 부디 안던지고 이쁘게 편하게 잘 쓰셨으면 좋겠어요!!!제발 ㅋ
평점4,23.06.15.,용량: S23울트라 512GB / 색상: 팬텀블랙,배송 잘 받았습니다~!스마트폰 단품만이라 구성이 살짝 아쉽긴 했어요간단한 투명 케이스 있으면 좋을 거 같습니다.가죽케이스 따로 주문했고확실히 카메라 부분이 튀어나와있어서원래 쌩폰 상태로만 쓰는데뒷면 케이스는 사야겠네요!앞으로도 좋은 행사 잘 부탁드립니다~~
평점5,23.06.15.,용량: S23 256GB / 색상: 팬텀블랙,아빠 생일 선물용으로 A34랑 고민하다가 S23으로 결국 질렀는데 너무 좋아하시네요 ☺️ 아빠가 그렇게 함박 웃음 지으시는 거 오랜만에 봐요! 티는 안내셨지만 나름 최신폰 이용해 보고 싶으셨나봐요! 배송도 빠르고 할인도 많이 받아서 저도 기분 좋네용~ 쿠폰이 늦게 떠서 블랙을 구매했지만 다른색 생각 안날 정도로 색상이 너무 새련되게 예뻐요 🥹 라이브에서 끝까지 쿠폰 챙겨줘서 판매자분께도 넘 감사합니다 ! 갤럭시 S23 고민하시지말고 얼른 구매하세요
평점5,23.10.15.,용량: S23울트라 512GB / 색상: 팬텀블랙,"갤럭시S10 3년 좀 넘게 쓰다가 갤럭시 S23울트라 바꾸게 됐습니다. 바꾸게 된 계기는 S10이 사용연식이 되다보니까 발열이 너무 심해져서 더이상 사용하기가 힘들고 밧데리 과열이 너무 심해져서 사용하기가 어려워져서 바꾸게 되었습니다.그동안 바꾸고 싶은 마음이 되게 많았는데,안 바꾼 이유는 폰 가격이 너무 비싸서 원기옥을 모으고 했었다고 해야 할까요? 어쨌든 바꾸고 나니, 이제 핸드폰 발열 걱정은 안해도 되서 기분이 좋습니다.아,참 그리고 핸드폰을 지금 기점 10월인데, 제조월이 23.08로 되어 있더라고요. 참조하세요."
평점5,23.04.29.,정보없음,"엄마 생신선물로 기변해드렸습니다.무슨 핸드폰이냐. 지금것도 잘된다고 거절하셨는데A시리즈만 쓰시다가 어차피 오래 쓰시는거 s23으로 해드렸는데작고 가볍다고 엄청 좋아하시네요!엄마도 소녀이신지라 색은 라벤더로 고르셨는데실제로 보면 은은하니 정말 이쁩니다.부모님 핸드폰 가성비 찾지마시고 좋은걸로 한번 해드리세요엄청 좋아하시니 너무 뿌듯합니다.보지 못하고 구매하는거라 반신반의하고판매처도 네*버에 찾아보고 했는데 후기도 좋고,문의남겼는데 답변도 빨리주셔서 구매 하였는데 정말 잘한 것 같습니다.서울이라 당일배송으로 10시전에 구매하고 밤 8시쯤 바로 배송 받았습니다! 갤럭시캠퍼스에서 사고 매장픽업 하려 했지만근처에 재고 없으면 그것도 어려웠기에 정말 잘 산 것 같아요!가격 또한 운좋게 할인가에 + 제 생일쿠폰 + 카드할인 받아서 91만원대 구매하였고 상품권도 주시면 90만원정도에 산거라아주아주 만족합니다^^*"
평점5,23.06.09.,모델선택: 256GB / 색상선택: 크림,주문하고 바로 다음날 받아서 너무 좋았구요!핸드폰을 5년만에 바꾼거라 사진 화질보고 진짜감탄을ㅎㅎㅎ손에 착 감기는 그립감도 최고고 크림색도 최고고 다 최고에요ㅜㅜ 제돈주고 샀지만 좋은 스마트폰 만들어주셔서 감사합니다ㅋㅋㅋ네이버포인트 혜택도 많고 충전기도 같이 와서 구매했는데 과연 포인트가 다 들어오는지 보겠습니다ㅎㅎ
평점5,23.06.22.,용량: S23 256GB / 색상: 라벤더,엄마폰 바꿔드리려고 구매했습니다.계속 바꿔드리려고 가격비교하다가 라방 있길래 기다렸다 샀어요.라방 혜택받는거랑 좀 더 저렴한곳에서 사는거랑 엄청 비교했었는데 사고나니 왜 그렇게 비교했나 싶네요. 첫날 라방 놓쳐서 결제금액은 좀 더 비싸게 샀지만 나름 혜택이 좋아서 후회안해요. 구매하고 나니 홀가분합니다.삼성인증사이기도 하고 도착보장으로 빨리 받아서 좋았습니다.A시리즈랑 고민했는데 기왕 사는거 그래도 플래그십이 낫겠다 싶어서 기본형이지만 S23으로 샀어요.비싼거 부담스럽다고 계속 저렴한거 있으면 사라고 하셨었지만 언박싱 직접하게 해드렸는데 엄마가 아주 좋아하셨습니다.크림 없어서 라벤더 했는데 은은하니 예쁘네요.엄마는 바로 빨간케이스를 씌우셨지만..ㅋㅋ
평점4,23.06.27.,용량: S23울트라 512GB / 색상: 팬텀블랙,"아이폰에서 갤럭시로 갈아타는 순간!신랑이 이번에  S23으로 바꾸고 싶어해서 울트라로 구매했어요. 그린컬러를 권했지만 블랙이 좋다네요.ㅎ적응하는덴 시간이 걸리겠지만 아주 만족해합니다.할인하는 곳이 여러군데 비교해보다가 하나카드 프로모션이 해당되서 가장 저렴했어요.따져보니 약2만5천? 정도 :  )그런데, 7월에 하나카드 캐시백들어오는거 맞죠?"
평점5,23.04.16.,정보없음,"밤늦게 주문했는데, 다음날 낮에 도착해서 너무 좋았구요.  케이스도 예쁘고, 새로운 각진 디자인도 너무 마음에 듭니다. 늘 그렇지만, 갤럭시 앱이며 전부 옮기는것도 편해서 너무 좋구요.다만 십일절 기다려서 1만원 쿠폰생겨서 쓰고 구입했는데, 지금보니 2만원 쿠폰이 생겼네요....씁..슬합니다 ㅎㅎ액정필릉도 같이 주시면 너무 좋을거 같아요. 쿠x에서 급히 주문해서 붙였습니다. 카메라에도 붙이구요. 아무튼 이번 정품케이스 너무 이쁩니다!"
평점5,23.04.15.,정보없음,"이거 라방 있는 날 갑작스럽게 핸드폰이 고장나고 수리센터에 갔는데 완전히 죽어서 살릴 수 없단 말을 듣고 진짜 낙심했는데요, 마침 특가로 나오고 라방 이벤트에도 참여해서 정말 좋은 가격에 구매할 수 있었어요!! 그리고 다음날 바로 배송받아서 그것도 다행이었습니다.카메라 때문에 울트라가 탐이 나긴 했지만 손이 작아서 그거 샀으면 후회했을 것 같아요. 저한테는 s23도 한 손에 쏙 들어오는 크기가 아니라서 ㅎㅎ 다른 색상이랑 고민 많이 했는데 역시 크림 색상이 제일 마음에 듭니다!아 한 가지 아쉬운 건 정품 케이스라고 플랫케이스 같이 주셨는데 불량품이 와서ㅠㅠ 측면에 있는 볼륨 키 부분은 괜찮은데 전원 버튼은 누르면 케이스가 눌린 채로 다시 안 돌아오더라고요. 그래서 다시 전원 키를 누르려고 하면 누를 수가 없어요! 너무 불편한데 일단 케이스 다른 걸로 살 때까지는 어쩔 수 없으니까 그냥 쓰고 있어요. 근데 정품 이름 달고 나온 건데 퀄리티가 너무 아쉬워요.그것 말고는 배송, 가격 다 너무 좋습니다!"
평점5,23.02.25.,제3자 정보제공 동의: 동의합니다 / 색상: 팬텀블랙 [ZKFKOO],기존폰 6년쓰고 갤럭시s23 사전예약으로 자급제 폰으로 바꿨습니다.  네이버로 휴대폰을 처음사는데 처음에는 반신반의 했는데 물건도 23년 2월 보내주시고 배송 안전하게 보내주셔서 감사하고 또 빠른배송 해주셔서 감사합니다.담에도 폰을 바꿀때 여기서 구매해야지 마음들었습니다.  첫 자급제 폰을 잘 바꿔서 잘 쓸수있어서 감사하고 항상 번창하시고 승리하세요~ ^^
평점5,23.05.03.,정보없음,기존에 Z폴더 3를 사용하다가 분실해서 다시 삼성폰으로 알아보던중에 S23이 좋은가격으로 위메프에서 나와서 이걸로 구매했습니다.  팬텀블랙이라서 색상도 멋지고 아직 사용해보지 않았지만 성능은 삼성 S23이 안드로이드폰중에서는 최고인것 같아요!울트라 모델 사고 싶었지만 가격이 후달달... S23으로도 만족합니다.감사합니다.
평점5,23.03.17.,정보없음,그린 색상인데 카키색에 가깝다는 느낌입니다. 주로 블랙을 사용했었는데 다른 색을 사용해 보고 싶어서 선택했는데 잘한 선택으로 여겨집니다. 너무 밝은 색은 별로 좋아하질 않아서리... 예전 20 울트라는 너무 커서 들고 다니기 불편했는데 휴대 편하고 해외 출장이 좀 있는 편이라 eSim으로 현지 유심을 개통해서 같이 사용할 수 있다는 점도 중요하게 작용하였습니다. 
평점5,23.05.02.,컬러: 라벤더,기존 폰이 S23의 예쁜 색감을 제대로 잡아내질 못하네요 ㅠㅠ 실물로 보면 엄청 예뻐요.계속 보급형만 썼는데 이번에 s23 디자인이 너무 잘 뽑혔길래 갈아탔습니다.크림이랑 라벤더중에서 뭘 살지 계속 고민했었는데 라벤더 고른것에 대해 일말의 후회도 없습니다.. 보라빛과 분홍빛이 은은하게 어울어져서 정말 예뻐요 ㅠㅠ판매자 분도 엄청 친절하셨고 배송 상황도 알림으로 바로바로 보내주셨어요. 게다가 배송도 바로 다음날 도착해서 여러모로 만족스럽습니다!
평점5,23.02.15.,제3자 정보제공 동의: 동의합니다 / 색상: 팬텀블랙 [ZKFKOO],갤럭시 s23 팬텀 블랙으로 선택했습니다. 추천 많이하는 크림 구매할 생각이었는데 실제로 볼때 크림색이 노란 느낌이라 별로였고 그린이 색이 좋았는데 오래 사용할 생각으로 시크하면서 매트한 질감인 블랙으로 결정했어요 만족합니다 디자인은 기본이 좋았고 돈 때문에 플러스 못했는데 같은 성능에 기본도 괜찮은 화면크기고 휴대성에서 더 좋기때문에 자기 위안 해봅니다!! 자급제 비싸긴 비싸네요.. 돈 100이라니.. 오래오래 쓰겠습니다!!
평점5,23.04.07.,제3자 정보제공 동의: 동의합니다 / 색상: 크림 [ZEFKOO],어머니 생신선물로 사드렸는데 두달정도 사용중이십니다 ㅎㅎ 전에 쓰시던 모델이 S20 플러스 였는데 워낙 평판이 좋았던 모델이라 체감이 되실까 싶었는데 카메라랑 무게에서 체감이 많이 되신다고 하네요... CPU가 좋아서 전반적으로 속도 체감도 느끼시고 계십니다 ㅎㅎ 삼성이 오랜만에 괜찮은 물건 만든거 같네요  !
평점4,23.06.25.,용량: S23 512G / 색상: 크림,상품은 아주 만족해요~ A라인 한 4년쓰다가 넘어오니 속이 시원하네요ㅎ 삼페도 되고ㅎ 단점은 ... 100만원 넘게 주고 사는 물건인데 포장 상태 실화입니까?ㅎ 화장품을 하나 사도 이거보다 포장 잘해서 오는데ㅎ박스안에서 휴대폰박스가 막 굴러다니게 그냥 띡 보내져 왔더라구요ㅎ 충전 종이를 좀 더 많이 넣어서 보내줬으면 좋겠어요!! ㅎ 그래서 별 하나 빼요ㅎㅎ
평점5,23.05.24.,상세페이지안내내용동의: 동의함 / 컬러: 크림,"진짜 좋아요!!! 배송 관련으로 문의주셨을 때도 너무 상냥하셨고 아마 퇴근하신 시간 같았는데, 확인하는 대로 연락주셔서 감동했습니다!!!또, 좋은 상품을 젤리케이스랑 필름이랑 같이 받을 수 있었어서 좋았습니다이미 s23으로 켜버려서 핸드폰 사진을 못담은 게 아쉽네요... 크림색 최고!!!더욱 번창하시길 바라요ㅎㅎ"
평점5,23.09.12.,용량: S23플러스 256GB / 색상: 크림,갑자기 오래 쓰던 핸드폰이 고장나서 급하게 주문해 보았어요. 마침 쇼핑라이브랑 딱 맞아 떨어져서 잘 구매할 수 있었어요. 기본 포인트와 카드 썼을 때 주는 포인트 다 더하면 여기가 가장 싸서 정말 만족합니다.구입할 당시에 그린하고 블랙이 없어서 크림 샀는데 사신 그린이 사고 싶어서 그건 좀 아쉽고 바로 다음날 받을 수 있어서 진짜 좋았어요. 갤럭시23 플러스 아이폰보다 더 예쁘고 카메라도 좋고 정말 만족스러워요
평점4,23.04.30.,정보없음,쓰고 있던 노트 9이 슬슬 마지막이 다가오는 것 같아 구매하게 되었어요 좀더 오래 쓸줄 알고 사전예약 안했는데 이럴줄 알았으면 그때 살걸 그랬네요. 다 만족스러운데 생각보다 발열현상이 심해요. 2개 어플 동시에 조금만 돌려도 바로 발열이... 비싼 모델 쓰는 이유가 멀티성능때문인데 실망스러워요. 일반모델이라 그런지 배터리 사용시간도 아쉬워요. 그 외엔 만족스럽습니다.디자인도 예쁘고 무엇보다 크림색이 생각했던 것보다 훨씬 예쁩니다. 실물깡패에요
평점5,23.06.20.,용량: S23울트라 512GB / 색상: 크림,이전부터 울트라기종이 눈에 들어왔지만 무거워서 계속 고민하고 있었는데 눈에 아른거려서 샀습니다! 크림색으로 하니 그렇게 투박해보이지도 않고 좋아요 무엇보다 카메라가 탐났던거라 이것저것 찍어보고있는데 오랜만에 바꿔서 그런지 몰라도 만족도가 높아요 덕분에 좋은 가격으로 구매해서 만족합니다!!
평점5,23.03.24.,정보없음,"S23 일반으로 구매했는데 역시나 제가 원하는 사이즈 같아요.
기존 휴대폰이 무겁고 화면이 컸었는데, 훨씬 가볍고 휴대성도 좋고 너무 만족스러워요. 이번 모델이 디자인도 그렇치만 색상도 크림색 너무 이쁘게 잘 나온거 같아요. 다들 역대급이라도 칭찬한 이유가 있는듯요.

카드할인받고 배송도 빨리와서 넘 좋았구요 고민하시는분들께 추천하고픈 모델이예요~~"
평점4,23.04.04.,정보없음,휴대폰을 4년만에 바꿨는데 역시 좋네요.사이즈도 적당하고 그린색상 고급져보이고 좋아요.아쉬운 건 투명 케이스를 씌워도 본연의 색이 죽는건 어쩔 수 없네요. ㅜㅜ플러스나 울트라가 아니어서 그런지 배터리는 생각보다는 빨리 다는 거 같긴해요.전반적으론 다 만족합니다.
평점5,23.06.07.,용량: 256GB / 색상: 그린,어머니 휴대폰 바꿔드렸는데너무 좋아하시네요~빠르게 인식되고용량도 평소 사용하던 용량보다 많아서 너무 편리한 것 같아요. 색상도 그린색상으로 선택했는데너무 잘한 것 같아요. 저는 삼성위드모마일에서 두 번째 구매인데라이브쇼핑 때 구매하는 걸 추천드려요~ 다양한 혜택과 배송도 하루 만에 오기 때문에너무만족해요. 정말 추천해요!
평점5,23.03.17.,정보없음,"포장이 잘되어 안전하게 왔고 배터리가 75%충전된 상태로 왔네요 아직 어뎁터를 구매전이었는데 다행이에요 연한 보라 빛이어서 예쁘고 느낌이 아이폰같아요 기존에 쓰던 폰보다 작지만 만족스럽고, 이폰을 저렴히 사기위해 한달 가까이를 매일같이 여기저기 뒤져보다 저녁에 다른 곳에서  구매해 놓고 아침에 위메프를 보니 더 저렴하여 먼저 구매한곳 취소하고 이곳에서 구매했어요"
평점5,23.05.11.,용량: 256GB / 색상: 팬텀블랙,"저녁 8시에 주문했는데 다음날 오후 5시에 배달이 도착했어요 속도가 미쳤어요제품은 새제품으로 상자부터 굳게 밀봉되 있는 녀석입니다. 그리고 블랙이 역시 깔끔해,,,아, s23에는 sd카드가 안 들어가는걸 몰랐습니다 알았으면 용량큰놈으로 샀겠지만,, 너무 늦은 일이죠그리고 국민카드로 결제하면 혜택을 준다는데 그게 대체 뭔지 모르겠네요."
평점5,23.06.23.,색상: 라벤더,너무 예쁘고 가볍고 사이즈가 아이폰 비슷하네요  손이 작은 여성분들 딱입니다 매번 검정 흰색만 썼는데 라벤더 색상 정말예쁘네요  보조 배터리를 구입하려고 했는데 서비스로 주셨어요 득템했어요 그리고 사장님께서 직접 전화주셔서 배송이 늦어진다고 친절하게 연락도 주시고 기분 너무 좋습니다 이제 여기서만 구입할께요 가격도 착합니다
평점5,23.03.26.,색상;라벤더{LIEKOO}[1개],크림이 깔끔한 것 같아서 그걸로 할까 하다가 라벤더 했는데 이것도 깔끔하고 좋아요.첨에 받자마자 개봉했는데 그냥 햇빛만 들어오고 형광등을 안 켠 곳에서 봐서 어라? 크림으로 잘못 주문했나? 했었어요.형광등 밑에서 보니 라벤더 티가 나고요. 그만큼 색상이 은은하게 잘 빠져서 덜 질릴 것 같아요.제품 성능이야 뭐 말할 필요없이 좋죠. 굿입니다!!
평점5,23.06.14.,용량: S23울트라 256GB / 색상: 그린,"이번 s23 울트라 평이 좋아서 그린색으로 주문했어요.원쁠딜, 파워적립, 플러스친구 적립에 하나카드 7프로적립까지. 할인을 끌어모아 알뜰히 비싸지만 싸게^^구입했네요. 배송도 어제 밤에 주문했는데 오늘 도착했어요. 잘쓰겠습니다."
평점5,23.07.02.,모델선택: 256GB / 색상선택: 그린,엄마아빠 핸드폰이 오래 돼서 이번 계기에 s23으로 바꿔드렸는데 너무 좋아하시고 만족해 하시네요 ㅎㅎ 터치감도 좋고 그립감도 좋다고 아주 좋아하십니다 라벤더랑 그린 색상으로 구매했는데 두 색상 다 색깔이 예쁘게 빠져가지고 케이스 끼기가 아까울 정도 ㅠ 아무튼 구매 만족합니다 !!~
평점5,23.10.20.,모델선택: 256GB / 색상선택: 그린,라이브때 구매했는데 바로 다음 날 도착해서 깜짝 놀랐어요. 저녁7시에 구매하누게 다음 날 오다니 !!!S23 바꾸고 나니 손에도 딱 맞고 가볍워서 좋네요. 3년만의 교체라 그런지 화면도 빠릿빠릿하고 아주 만족합니다좀 더 빨리 바꿨으면 좋았겠지만 라이브 혜택 받아서 잘 구매했습니다.
평점5,23.07.20.,색상: 크림,구매 당일날 배송해 주셔서 다음날 아침에 엄청 빨리 받았습니다 너무나 감사하게도 뽁뽁이로 아주 꽁꽁 싸매서 절대 파손될 일 없었습니다 다들 믿고 구매하셔도 될거같아요 받자마자 알뜰모바일 개통해서 잘쓰고 있습니다 서비스로 케이스까지 챙겨주셔서 감동.. 사랑합니다
평점4,23.09.17.,용량: S23 256GB / 색상: 라벤더,새 핸드폰으로 리뷰 쓰는건데 촬영을 직접 하라고 사진도 못 올리게 하네 (゜ロ゜) 그래서 상자만 찍어 올립니다. 배송이 하루만에 도착했어요. 구매 시도때마다 색상 재고가 들쭉날쭉인 게 별로입니다. (일이만원도 아닌데 원하는 색상을 매번 눈치 싸움으로 사야하다니) 라이브때마다 할인 설명 듣는데 머리 터질 것 같아요. 생방송 전에 정리된 글이나 이미지를 따로 올려두시면 이해가 쉬울 것 같습니다. (원하는 기종 나올때까지 존버해야되는데 시간 너무 오래 걸림) 할인 적용 다 안 된 것 같아 찝찝한데 라이브 중이니까 그냥 샀어요. 휴대폰은 더 써봐야겠지만 무난합니다.
평점4,23.07.04.,용량: S23울트라 512GB / 색상: 그린,"아빠가 폰을 바꾸실 때가 되셔서 알아보다가 우연히 라이브방송 혜택이 좋길래 구매했어요! 혜택이 좋은데 받기는 좀 어려운 부분이 있더라구요ㅠ 어르신들은 구매가 더 어려울것 같다는 생각이 들었어요. 무튼 그래도 좋은 혜택으로 구매했고 512울트라를 구매했는데 이번엔 좀 오래 쓰셨으면 하는 마음이 드네요. 아참 배송이 보장된 상품은 빠르게 받는건 너무 좋지만, 아주 큰 단점이 취소가 바로 안된다는 점이라 이부분도 보완이 되면 좋겠어요! 순간 결제를 잘못해도 바로 취소 안되어서 정말 불편했습니다 ㅠㅠ"
평점5,23.10.23.,용량: S23울트라 256GB / 색상: 팬텀블랙,갤럭시 폴드3를 쓰다가 슬슬 보내줄때가 된거같아 다음 갤럭시로 뭘쓸까 고민하다 카메라도 좋고 폰도 크고 폴드5는 폴드3를 써본 사람으로써 비싸기만라고 크게 실용적이지 못합니다. 울트라가 더 낫습니다. 갤럭시의 부족함을 아이폰으로 채웠었는데 울트라가 너무 마음에 들어 아이폰도 처분할까 고민할정도로 만족스럽습니다!
평점5,23.04.07.,색상: 크림,핸드폰이 고장난 뒤 사용하던 아이폰을 쓰다가 워치 연동이 안되어서 불편해서 구매했습니다. 가장 먼저 포장이 잘 돼서 와서 좋아요. 싼 가격의 물건은 아니라서 포장이 망가지면 괜히 속상하고 그런데 꼼꼼한 포장과 함께 파손주의 스티커도 부착되어 와서 흠집하나 없이 잘 도착했습니다. 케이스와 강화필름도 주셔서 단 하루도 맘졸이면서 사용할 필요도 없구요. 아주 좋습니다 !
평점5,23.04.12.,정보없음,남편이 핸드폰 오래 사용해서 선물로 주려고 그매했습니다. 타일세일 때 구매해서 만원 더 저렴하게 구매했네요. 삼성 핸드폰 성능이야 말 안해도 좋은거 아니까... 저희는 갤폰만 쓰네요. 메모리도 넉넉해서 좋고 블랙 예쁘네요. 특히 같이 주신 케이스가 너무 이뻐요
평점5,23.06.15.,용량: S23울트라 512GB / 색상: 크림,"아내 생일 선물로 주려고 구입했습니다. 구매하자마자 다음날 바로 도착하네요. 아직 포장을 뜯지는 않았지만, 아내가 너무 좋아할 것 같네요. 핸드폰 내부에 충전기가 안 들어 있는 걸로 알고 있는데, 별도 충전기를 선물로 주시니 일석이조네요."
평점5,23.05.11.,선택: 갤럭시 S23 256GB (팬텀블랙),"최근 인터넷 전자기기 구매 중 최고 입니다.5/10 이후 순차배송이라고 했는데 배송도 더 빨리 왔고하자없는 순정제품 그대로 튼튼히 포장되어서 왔네요.같은 기종을 10만원-20만원 이상 후려치는 다른 쇼핑몰들은 도대체 얼마를 떼어먹는건지 이해가 안될 정도로가격도 최저로 잘 구매했네요.양심적인 가격 감사드리고,앞으로도 번창하시길 바랍니다! P.S: 애플 제품도 유통해주시면 더 좋겠습니다^^"
평점5,23.05.26.,선택: 갤럭시 S23 256GB (그린),자급제로 폰 구입해보는건 처음이네요.가격도 너무 싸고 안전하게 좋은 상품 배송되어서 안심이예요^^색상 그린 선택했는데 정말 예쁘네요.매장에서 직접 만져본터라 배송으로 제품이 잘 도착할지가 걱정이었는데 그 걱정이 무색하네요.기존 휴대폰에서 유심만 빼서 새로 끼우고 데이터 옮기니 너무 간편하게 새 폰으로 변신!추천하고 싶어요~
평점3,23.02.21.,정보없음,18일에 구입했는데 19일에 바로 추가 할인이랑 L포인트 적립이벤트하는거 보고 아차 싶었네요. 타이밍이 정말 안좋았던거긴한데 토요일에 발송처리가 완료되서 취소후 재주문도 못하고 하루차이로 추가 적립이랑 할인 혜택을 못 받은 게 많아서 아쉬웠습니다. 타이밍 잘 보고 구매하시거나 다른 판매처 추천드려요. 물건은 하자 없이 도착했습니다.
평점5,23.05.01.,색상;라벤더{LIEKOO}[1개],"여기서 주문하길 잘했어요..문의글에 답변도 빨리해주시고, 친절하시고,주문한 당일 바로 배송받았네요!!!!그린과 라벤더 고민했는데~ 역시 환한게 예쁘네요^^성능이야 말할것도 없고,정품케이스(고급지고 예쁘기까지함)까지 서비스로 주시니 감사감사~잘 쓰겠습니다!!더욱 번창하셔요!!!!!"
평점5,23.08.04.,용량: S23울트라 512GB / 색상: 그린,"아이폰 10년 유저입니다...오로지 달 사진, 야경 막 찍어도 잘 나오는 거 같아서옮겼어요.폰이 좀 크긴하고 설정할 게 너무 많아서 귀찮지만 장점은 분명하네요. 사용자 맞춤 설정이 가능하다는 것내 손으로 달을 찍을 수 있다는 것.다만 달 사진을 타이트하게만 찍을 수 있어서 아쉬워요배경이랑 같이 찍고 싶은데 ㅜ자판 폭이 이전에 쓰던 아이폰과는 좀 달라서인지 오타가 많이 나는데 적응해야죠 뭐...색상: 그린 흔하지 않고 예쁩니당. 질리지도 않을 거 같아요. 다만 보호케이스 하고 다니면 그냥 검정 같기도 하고 티가 안 나서 ㅎㅎ 혼자 아껴두고 봅니다배송: 아주 빨랐어요. 대충 박스에 쓱 넣어주신 것에 놀라긴했는데 뭐... 괜찮았어요."
평점5,23.04.14.,정보없음,어머니 선물로 사드렸고 아주 맘에 들어하세요 전에 쓰던 폰이 S7엣지라 엄청 오래돠서 진작 바꿔드린다고 했는데 자꾸 거절하셔서 미리 말없이 사고 선물로 조용히 건네드렸어요 사실 지금까지 시리즈가 성능 논란도 많고 디자인도 별로라 살 마음이 안생겼는데 23은 비교적 잘 빠진거 같아 구매하게 되었어요. 크림색이 이쁘네요
평점5,23.09.23.,용량: S23 256GB / 색상: 크림,사진 화질 좋고속도도 좋고크림색도 너무 좋고배송도 진짜 빠르고라방으로 안사서 조금 비싸게 주고 산 감은 있지만 그래도 삼전 공식 파트너 판매처 에서 사서 믿음도 가고 너무 좋네요와이프 선물로 해줬는데와이프가 너무 좋아하네요감사합니다
평점5,23.04.12.,정보없음,아이폰쓰다 불편해서 삼성폰s23로바꿈.4월11일.11번가에서 저렴하게 구매할줄알고 기다리다. .상대적으로 가격도 더 저렴하고사은품도 더 좋은 하이마트에서 구매.아마도22개월 무이자였다면 11번가에서 구매했을거 같은데 똑같이 100만원 미만은 3개월까지만 무이자3개월할부
평점5,23.04.11.,컬러(256GB): 256라벤더,기존에 갤럭시 s9 쓰다가 4년만에 바꿨습니다. 드라마틱하게 좋은 점은 잘 모르겠습니다. 그렇지만 배터리나 반응속도면에서 만족합니다. 무엇보다 여기 사장님이 배송을 굉장히 빨리해주세요!! 그게 너무 맘에 들어요 ㅎㅎ 잘 쓸게요~ 감사합니다!!
평점5,23.03.23.,정보없음,국민카드10퍼에 민팃도 잘나오면 70중후반에 잘구매 하는듯디프가서 직접보고 만져보고 구매한 라벤더!색감도 좋고 그립감 조작도 부드러워졌네요s10+512 4년 잘썼는데 한손으로 자주쓰기에 너무 무거웠음빠른 배송과 양품 만족합니다
평점5,23.03.27.,선택: 갤럭시 S23 256GB (크림),"네이버 스토어로 핸드폰 구매는 처음이라 조금 불안했는데, 굉장히 잘 사용하고 있습니다. 배송도 주문 한 지 2일 만에 도착했고, 케이스와 필름도 같이 와서 사용 시작하면서 안전하게 사용할 수 있었어요. 그리도 구매 당시 정말 저렴한 가격으로 구매해서 매우 매우 만족합니다.감사합니다."
평점5,23.05.24.,컬러: 크림,택배는 하루만에오고 엄청빨랐습니다폴드4사용하다가무거워서 손목이아파서 s23기본을 구입했는데 박스뜯자마자 폴드대비 너무작아서 순간 잘못샀나 후회됐지만 사용해보니 가볍고 빤스고 생각보다 화면도 작다는 생각이들지않아 좋습니다
평점5,23.04.15.,정보없음,기본이라 생각보다 너무 작은거 아닌가 싶었는데 초등학생 자녀가 사용하는거라 그냥 저냥 사용할만 하내요.  성능은 머 최신형이라 좋겠지요.  보급형 쓰다가 몇번이나 침수로 수리하다보나 그냥 그나마 방수 되는 걸로 샀어요
평점5,23.04.23.,선택: 갤럭시 S23 256GB (크림),작고 가벼워서 구매했습니다큰건 무겁고 들고다니기 힘들어요고사양 최신폰이라 이쁘고 빠르고 좋아요 배송도 좋았습니다물건 배송 다 만족합니다쓸데없는 말이지만 쓸곳없어 푸념하자면게임도 안하고 사진도 잘안찍는데갤럭시중간보급형은 왜 작은화면이 없을까요작고 가벼운간 s시리즈랑 키즈폰 밖에 없어서 아쉬워요
평점5,23.05.25.,상세페이지안내내용동의: 동의함 / 컬러: 크림,너무 예쁨 그 자체.. 손안에 촥 감기는 그립감이 아주 만족스러워용 ㅎㅎ 갤럭시 역시 삼성 좋은 가격에 겟 했습니다 잘 쓰겠습니다 감사해요~배터리 충전하는 몸통도 추가 구매했어야했는데 까묵었네용 구매하실 분들은 추가 구매하시면 좋을 듯 합니당
평점5,23.09.10.,모델선택: 256GB / 색상선택: 블랙,삼성 플래그십 모델로 구매했을때 만족도가 높았습니다. 급하게 아빠 핸드폰을 바꾸다보니 갤럭시 a10e 모델을 드렸는데... 처음 스마트폰을 쓰는 60대 어르신에게 화면도 작고 안되는 기능들이 너무 많았습니다. 이번 추석 선물로 s23 구입했어요. 핸드폰이 너무 크면 무거워서 가장 작은 모델 선택했습니다. 오랫동안 사용해주시겠죠. 빠른 배송 감사합니다.
평점4,23.06.18.,용량: S23울트라 512GB / 색상: 크림,"빠른건 좋지만 충전재가 하나도 없네요. 고객센터에 전화 해도 발송을 cj에서 하기 때문에 어쩔 수 없다고 하시고ㅠ... 그럼 판매하는 입장이시니까 cj에 충전재로 포장하라고 권고사항이라도 드리려야 하는 거 아니냐고 여쭤보니 안된다고만 하시네요.. 답답합니다. 150만원이나 주고 샀는데 이런 식으로 포장 하시면 택배 배송 과정에서 충격 받고 금방 망가지지 않을까 너무 걱정됩니다ㅠ 제발 cj에 포장 가이드라인이라도 안내해주세요. 한두푼 하는 것도 아니고 이렇게 배송 오니 너무 당황스럽고, 고가제품 포장을 충전재 없이 하는 곳은 또 처음이네요. 핸드폰은 너무 좋습니다."
평점5,23.04.14.,색상: 팬텀블랙,핸드폰이 고장나서 급하게 구매해놓고 늦지 않을까 걱정했는데 다행히 다음날 도착했습니다!!너무 급하게 구매해서 많이 알아보지 못하고 구매했는데 그래도 저렴하게 구매한거 같아 좋네요액정필름과 투명케이스도 너무 좋습니다
평점5,23.06.22.,용량: S23 256GB / 색상: 그린,S9을 5년 쓰고 반년 넘게 고민고민하다가 이제는 이전 폰이 못 버텨줘서 구매했어요. 네이버 포인트를 많이 주니 여기저기 비교했을 때 가장 저렴!!  폰이랑 케이블이 먼저 오고 충전 어댑터는 다음 날 따로 왔어요. 얼마만에 느끼는 새 기기의 매끈함인지~ 케이스와 보호필름은 따로 미리 구매해서 사용해요.
평점4,23.09.12.,용량: S23 512G / 색상: 크림,물건 잘 받았습니다. 크림색 구하기 힘든데 빨리 받아볼 수 있어서 좋았습니다. 다만 배송과정에서 그런건지는 몰라도 택배상자가 찌그러져와서 첨에 받고 좀 당황했어요. 한두푼짜리가 아닌데 취급주의같은거라도 붙여야 하지 않나 생각듭니다.
평점5,23.06.19.,용량: S23울트라 256GB / 색상: 크림,"배송 너무 빠르게 왔어요 핫딜 뜰 때까지 계속 기다리다가 좋은 기회인 것 같아서 바로 구매했습니다 적립 및 할인혜택 끌어모아서 결제 완료하고 크림색상 받았는데 너무 이뻐서 케이스 씌우기가 싫네요ㅠ 그치만 아껴서 또 오래써야하니까 ,,, 얼른 케이스가 와야할텐데 ㅎㅎ 여튼 잘 쓰겠습니다"
평점5,23.07.06.,선택: 갤럭시 S23 256GB (크림),S10e 사용하다가 4년만에 폰 바꿨는데너무너무 만족합니다. 지문인식도 빠르고 노트북을 산 느낌이네요.배송위치 계속 확인하면서 오매불망 기다렸는데 다음날 오전 11시쯤 배송되어서 더없이 만족합니다. 강추합니다 알뜰폰 요금제쓰면 굿!
평점5,23.04.02.,정보없음,오른손으로 사용하려 하다보면 제일 하단 카메라가 손가락에 자꾸 스치네요 그런걸 생각하면 디자인적 측면은 아이폰이 더 사용감 좋을지도 모른다는 생각이.. 전체 디자인은 갤럭시 시리즈 중에 제일 세련됐다 생각합니다. 오후 주문 했는데 다음날 바로 받아볼 수 있게 해주셔서 감사합니다 ^^
평점5,23.07.23.,용량: S23울트라 512GB / 색상: 크림,몇번 사용해봤었지만 처으 받아봤을때 생각보다 무겁다는 생각이 많이 들어서 계속 잘 쓸수 있을까 걱정했는데 익숙해지니 이제 적응됐어요이 폰을 산 목적인 카메라는 말해뭐해 진짜 미쳤구요여러모로 깔끔해서 정말 잘사용중입니다
평점5,23.03.07.,제3자 정보제공 동의: 동의합니다 / 색상: 크림 2/28 순차출고 [ZEFKOO],크림색 28일부터 출고라고 하셨는데 그보다 이틀 일찍 도착한 거 보고 깜짝 놀랐어요 ㅎㅎㅎ 제품도 이상 없이 깔끔하고 삼성전자에서 인증한 온라인 파트너사라 사전예약 혜택도 그대로인 점이 특히 더 좋았습니다. 예약 마지막 날 마감 세 시간 앞두고 급하게 찾았는데도 저렴한 가격에 구매 가능했다는 점까지 너무 좋은 기억으로 남아 다음에 또 이용할 것 같아요!!
평점5,23.05.20.,선택: 갤럭시 S23 256GB (팬텀블랙),"삼성 케어로 테스트 항목 모두 통과하고배송도 0.5일만에 아침 우체국 통해서 받아서깜짝 놀랐어요사은품으로 주신 케이스랑 필름도 쓸만하지만쓰고 싶은 케이스로 쓰고 있고요버퍼용으로 쓰기에 괜찮은 퀄리티입니다.잘 쓸게요, 양품 감사합니다"
평점5,23.07.10.,정보없음,전에 쓰던폰이 밧데리가 빨리 달아서 여러군데서 검색하던중  딸의 권유로 사게 되었는데 싸이즈가 손에 딱들어오는것이 너무 맘에 듬니다 또 전에 폰보다 기능이 더 있어 재미있게 사용 중 입니다 빅스비도 잘되고 카메라 또한 찍는 텃치감 좋은거 같습니다  밧데리 용량이 좀만 더 있으면 하는 아쉬움이 있긴 합니다 
평점5,23.04.17.,상세페이지안내내용동의: 동의함 / 컬러: 라벤더,배송은 엄청빠릅니다 하루만에 왔구요역시 라벤더 너무 이쁩니다잘 사용하고 있어요근데 필름을 저렇게 낱장으로 주는지 몰랐는데 붙이는방법이랑 도구가 없어서기포 다 생기는바람에 필름은 새로 다시 샀네요 ㅠㅠ어쨌든 잘 쓸게요
평점5,23.11.16.,모델선택: 256GB / 색상선택: 라벤더,한달 동안 실사용 후기!갤럭시s10에서 넘어온 거라 더 좋게 느껴졌을 지도 모른다는 점 참고해주세요!1.배터리하루 길게는 12시간도 갑니다! 아직 새 거여서 그런것도 있겠죠?! 직장인이라 폰을 자주보는 편은 아니어서 참고해주세요!2. 가벼움갤럭시s10도 무거운 편은 아닌데 못지 않게 가볍습니다..! 최대 장점이라면 이거이지 않을까 싶네요ㅜㅜ3. 카메라요즘 핸드폰에 탑재된 카메라들이 다 좋은 편이라.. 굿굿 다만 배율을 1로 하고 사진을 찍으면 주변이 뿌옇(?)게 되는데 배율을 3으로 조정하면 된다고 하더라구요!!
평점5,23.09.07.,용량: S23울트라 256GB / 색상: 그린,잘보고 사야합니다 ㅜㅜ 아무생각 없이 구매했다가... 메모리 추가가 안되네요;;;;;; 용량이 부족하지 않을까 살짝 불안..... ^^;;;; 계속 블랙만 사용했었는데 그린 이뻐요!! 잘 떨어트리는 편이라 아직 케이스를 못사서.... 들고 다닐수가 없네요 ㅜㅜ배송이 정말 빨라요 밤 11시50분쯤인가? 구매했는데 다음날 11시 52분에 도착했어요 ㅋㅋ
평점5,23.07.10.,정보없음,계속 노트8 써 오다가배터리가 너무너무너무 빨리 닳길래s23으로 갈아탐.노트 넘 무거워서 이번에 폰 바꿀땐 작은거로 고름.배터리 용량은 s23플이 크지만크기가 노트만해서 포기하고기본형인 s23고름아쉽게도 내가 구매할땐 카드사 할인(쿠폰재고소진) 추가로 못 받고 기본 제공하는 할인만 받아서 구입함.폰받은지 이제 근 보름 다되가는데아직까진 만족함. 크기도 그렇고 색상도 만족.기존 폰보다 빠릿빠릿함.배터리는 조금 아쉬움.
평점5,23.04.07.,정보없음,S20FE 3년 가까이 쓰다보니 배터리가 빨리달기시작해서 새폰으로 알아보다 S23으로 갈아탔습니다. 저는 큰폰을 싫어해서 s20fe 손에 꽉 안들어가서 별로 였는데 이번 S23은 한손에 쫙 감기고 좋네요 배터리도 오래가고 액정도 좋고 카메라도 다좋습니다 ㅎㅎㅎ대만족 그자체 다만색상 고민하다 그린색을 샀는데 실물 안보고 산 제 잘못이네요 ㅎㅎ 투명 잴리 케이스에 넣으면 색이 제대로 표현 안되네요 ㅜㅜ 실물 색상은 꼭 오프라인에서 보시고 결정하세요 화이트 색상을 살걸 약간 후회하고 있습니다.
평점5,23.05.10.,제3자 정보제공 동의: 동의합니다 / 색상: 크림 [ZEFKOO],"오랜만에 최신폰 구매한거라 그냥 다 좋기만 했어요. 구동도 빠르고, 카메라화질도 좋고, 삼페도 되고, (무선충전기로만 쓰지만:) 스마트싱스도 받고, 유투브프리미엄도 쓰고, 네이버페이적립금도 왕창 챙겼네요!! 어서들 S23으로 갈아타세요!"
평점3,23.05.01.,모델선택: 256GB / 색상선택: 라벤더,배송빨라요. 라이브방송때 샀는데 생각해 보면 다른 사이트보다 싼것도 아니네요. 별도 사은품은 없었고 문의나 톡톡 이용가능 시간은 매일인데 어떠한 응대도 받을 수 없었어요. 일반구매 혜택 때문에 급하게 샀습니다. 핸드폰에 이상먀 없길 바라고 있어요.
평점5,23.03.16.,선택: 갤럭시 S23 256GB (크림),기기 불량 당첨된 줄 알고 문의드렸는데 걍 제가 착각한거였어요. 휴 다행ㅠㅠ암튼 테스트 다해보니 양품이네요! 오랜만에 폰 바꾼건데 적당한 가격에 사은품도 주시고 마음에 쏙 들어요. 진짜 처음으로 갤럭시 써보는건데 디자인 잘 뽑은 듯. 많이 파세요:)
평점5,23.04.03.,정보없음,배송은 빠르고 좋았구요. 휴대폰도 넘 이뻐요. 기본23이 화면이 작아서 고민했는데 그립감은 정말 좋아요~첫날이틀날 발열이 좀 있어서 걱정했는데. 다행히 3일째는 안정화된 느낌이에요. 카메라가 화질이 좋은데 한편으론 너무 실사적이에요ㅎㅎ
평점5,23.07.11.,용량: S23 256GB / 색상: 라벤더,라이브할때 너무 좋은 가격으로 신상휴대폰을 구매했네요. 아버지 핸드폰이 마침 고장났던터라 기회가 좋았던 것 같습니다. 어르신들이 쓰시기에도 색깔이 너무 이쁘게 잘빠졌고 기능은 뭐 말할 것도 없습니다. 좋은 가격에 효도할 수 있었네요. 네이버페이 포인트도 착착 적립해주셨고 하나카드 결제 적립만 기다리고 있습니다~
평점5,23.04.07.,컬러: 라벤더,휴대폰 을 오래도록 사용하는 편인데 몇년 을 쓰니까  배터리 가 빨리 소진되기 도 하고~~~휴대폰 대리점 에서 구입해서 오래도록 잘 썼고~ 교체하려고 마음으로 생각 ~  그러던 중 에 자급제를 듣게 되고~ 휴대폰 을 찿고 있던 중 에 한강shop 에 서 저렴  하게 구입하고 ~ ~~~*** 빠른 배송에 넘 감사 하네요~ 폰 아주잘 사용하고있네요~~*****
평점5,23.08.06.,정보없음,갤럭시S10 쓰다가 갑자기 화면이 켜지지 않아서 급하게 구매배송도 빠르고 사은품으로 유심이랑 복사기도 받아서 아주 만족 (마침 집에 복사기가 필요했음)S10의 홀로그램 다지인도 좋았지만 보라덕후로서 이번 라벤더색상 아주 예쁘게 잘 나온것 같아유
평점4,23.10.13.,정보없음,폰이야 뭐 알고산거라 100% 만족합니다근데 사은품으로 주시는 액정보호필름은 사이즈 너무 안맞아서 붙여온거 떼서 딴걸로 바꿨고사은품 젤리 케이스도 모서리 튀어나온 큰거라 안쓰고사은품으로 주는 충전기도 20W 짜리로 초고속 아니라서 안쓸거 같네요...122만원이나 하는 핸드폰인데 구색갖추려고싸구려 여러개 주지마시고 그냥 제대로 된걸로하나만 주시던지 하는게 더 낫지않나 싶습니다.그래서 별 하나 뺐습니다.
평점5,23.08.07.,용량: S23 256GB / 색상: 라벤더,"상품은 스크래치 등 없이 깔끔하게 배송되어 왔습니다. 23+ 와 이 23을 놓고 고민했는데, 조금이라도 더 가벼운 제품을 골라서 23을 구매했습니다. 배송도 빨랐고, 혜택으로 주어지는 유튜브 등도 잘 사용중입니다. 주위 분들에게 추천 의사도 있습니다. 좋은 제품 감사합니다^^"
평점5,23.03.11.,선택: 갤럭시 S23 256GB (크림),금요일 낮에 주문하고 토요일 오전에 받았어요!기존 핸드폰이 고장날 기미가 보여 빨리 왔으면 했는데 진짜 빠르네요. ㅎㅎ보호 필름이랑 기본 투명 케이스도 주셔서부담없이 바로 사용도 가능하고 최저가로 정말 잘 산것 같습니다~ 만족스러워요!
평점5,23.04.09.,정보없음,배송 진짜 빨리 출발했어요! 다만 중간 허브에서 조금 걸려서 이틀만에 받았어요! 주말동안 설정 계속 해보려구요 넘 좋네요!! 키자마자 설정하는데 발열이 약간 있어서 걱정했지만 그래도 잘 써볼게요 신세계상품권 1만원혜택이랑 케이스혜택 좋아요~~
평점5,23.10.31.,용량: S23 256GB / 색상: 팬텀블랙,빠르게 잘 받았습니다. 아버지 환갑 선물로 드리려고 구매했습니다. 사은품 하나 없이 깔끔하게 왔네요. 제가 개봉은 못해서 확인은 안되지만 양품일거라 생각하겠습니다. 1대 더 추가로 구입해야 하는 상황인데 깔끔한 사은품에 고민이 되네요. 잘 쓸게요.
평점5,23.07.18.,컬러: 라벤더,S23 라벤더 주문했고 배송도 빠르고 상품 상태도 좋은것 같습니다 선물로 주문하여 제품 사진은 못 찍었지만 현재 사용하는 분이 매우 만족중이어서 기쁘네요 자급제폰 인터넷 주문이 처음이라 걱정했는데 신속하고 믿을 수 있는 제품과 배송과정으로 무사히 잘 사용중입니다
평점5,23.04.24.,컬러: 크림,넘 예쁘네요 ㅋㅋ 이번에 뭔가 아이폰스럽게 나왔어요.그동안 노트9쓸때는 몰랐는데 지금 S23 써보니 엄청 버벅대면서 썼었어요..이렇게 빨랏다니..이렇게 화질이 좋았다니 !!!ㅋㅋ신세계입니다!배송도 엄청빨라요~!담날 바로받움 ㅎ 꺆
평점3,23.02.25.,모델선택: 갤럭시S23 256GB / 색상선택: 팬텀블랙,"수요일 오후 7시 주문 후 목요일 오후 10시이내 수령가능하단 점이 좋은 어필이였지만, 실제 제품 수령은 일반 택배와 다를 것 없는 금요일 오후 6시쯤 수령.물론 배송업체의 문제이긴하겠지만 배송 지연에 대한 사전 확인을 통해 미수령 인원에게 제대로 된 안내와 공지를 보내는게 맞지 않나 싶네요. * 별도 문의사항 접수 후 문자로 금요일 오전 11시 - 오후 5시내 전달 예정인 점도 받았으나 이마저도 늦어짐. 배송 된 제품은 불량 없이 만족하나, 수령이 늦어짐에 따라 주말 업무이전 신규 폰 보안 승인에 차질이 생겨 컴플레인 남깁니다.수령일정이 중요한 분들은 참고해주세요."
평점5,23.06.28.,용량: S23울트라 512GB / 색상: 그린,배송 정말 빨랐어요케이스랑 필름이 안 와서 바로 사용 못 할 정도로..ㅋㅋㅋ라이브 방송 혜택으로 잘 산거 같아요~색상 고민 정말 많이 했었는데...그린색 너무너무 맘에 들어요~라이브 방송때 본 달 사진을 아직 못 찍어봤네요..다음에 보름달 일때 도전해볼게요캠핑가서 야간 모드 사용했는데.. 너무 선명하게 잘 나와요카메라 정말 완전 좋아요~
평점5,23.04.12.,정보없음,제품은 하자 없이 잘 받았습니다. 서울이나 서울근교는 일찍 결제하면 당일 도착도 가능하겠고 늦어도 다음날 수령 가능한거 같은데 지방은 2~3일 걸릴수도 있으니 그점 감안하시면 될거 같아요. 폰 세팅하고 점검 하는데 문제점은 전혀 없었고요. 제품은 상당히 만족합니다. 
평점5,23.11.08.,모델선택: 256GB / 색상선택: 크림,"정품에 하자없이 잘 왔습니다.작은 폰을 선호 했는데 s23 기본형 이번에 정말 잘 나왔네요.빠르고 간편하고 버벅임 없고, 정말 최고 입니다.업무상 통화녹음을 버리지 못해서 갤럭시만 쓰는데, s21부터 너무 별로라서 고민했습니다. S23은 정말 잘나왔습니다. 배터리 용량이 크지 않은데도 하루를 버티네요. S24가 곧 나오지만 후회없이 쓰고 있습니다."
평점4,23.11.05.,모델선택: 512GB / 색상선택: 크림,배송 하루만에 왔고 제품도 잘 받았어요화면에 미세한 불량화소가 발견되어 삼성 서비스센터를 통해 불량확인증 발급받고 코잇을 통해서 새제품으로 교환 받았습니다불량이 걸린건 맘 아프지만 삼성하고 코잇하고 깔끔한 절차로 ㅅㅐ제품 받아볼 수 있어서 역시 믿고 사는 삼성이라고 다시한번 느꼈습니다
평점5,23.03.05.,정보없음,노트10+ 사용하다가 이번에는 작은폰을 쓰고 싶은 생각에 구매하였는데 사이즈도 아주좋고 가볍고 이번에 성능또한 아주 만족스럽게 나왔네요.노트도 좋은 기기임에 틀림없지만 이번에 정말 좋은 기기가 나온것 같아 너무 만족스럽습니다.
평점5,23.02.25.,모델선택: 갤럭시S23 512GB / 색상선택: 라벤더,"갤럭시 s23은 만족합니다. 이전 버전보다 깔끔하고 좋네요. 다만 배송이 바로 다음날 받을 수 있다고 했는데 오지 않은점, 배송하시는 기사분이 잘 모르시는 분 같았어요. 한두푼도 아닌데 배송이 원활하게 되지 않는게 좀 불안했어요. 핸드폰은 만족 합니다~!"
평점5,23.04.25.,정보없음,커다란 뽁뽁이 비닐로 포장되었고 다시 박스 포장되었구요 배송지가 서울 시내라 밤 9시 수령했습니다. 가족들 핸드폰 바꿔드리려 했는데 한꺼번에 주문은 망설여져서 먼저 젤 급한 아들 것부터 구매했는데 만족해요!! 여기서 다 구매하려고요. 
평점5,23.06.14.,용량: S23플러스 256GB / 색상: 팬텀블랙,하루만에 배송되었습니다바로 배송이 되네요 주문하고 나서 컬러 교환요청드렸으나 결재하자 마자 배송준비가 되어서 교환을 못했네요아버지 생신선물이라 뜯어보진 못했습니다 뽁뽁이 없이 딸랑 택배박스에 담겨 와서 좀.....그렇긴 하지만 잘 왔겠지요 뭐
평점5,23.06.02.,컬러: 블랙,"s10e 사용자입니다. 물에 잠깐 씻었는데 바로 메인보드 아웃돼서ㅠ 넘어왔습니다. 10e사용자로써 가장 매력포인트는 사이즈였는데, 23은 아주조금 긴거 빼고는 거의 비슷합니다. 거기서 일단 대만족~ 그리고 좀더 빠릿빠릿해진거는 덤"
평점5,23.04.03.,정보없음,대박… 아침 라방 때 주문하고 저녁에 받았어요!! 총알배송 너무 감사합니다 :))) 다만 라방 때 당첨 된 사은품이랑 리뷰 사은 상품권 같은 날인 4월 중순 발송된다고 라방 때 안내받았는데 리뷰 사은 상품권은 따로 5월에 온다고 하셔서 좀 혼랍스럽네요 ㅠ
평점5,23.06.21.,용량: S23플러스 256GB / 색상: 크림,배송 정말 빠르게왔어요! 크림색상 품절이 많던데 여기에는 있어서 포인트까지 혜택보고 잘 구매했어어요~~ 폰디자인 맘에 들고 넘 좋네요! 충전기도 다음 날 잘 받았습니다
평점5,23.03.24.,모델선택: 갤럭시S23 256GB / 색상선택: 그린,오프라인 매장보다 저렴하게 잘 구매했습니다.
평점5,23.06.22.,용량: S23울트라 512GB / 색상: 크림,칭구랑 같이 핸드폰 오랜만에 바꿔봤어요. 라벤더 색상 사려던걸 크림색상으로 잘못 사서 크림색은 친구 쓰게 됐네요. 크림색상 이쁘네요. 오래오래 잘 써봐야겠어요.
평점5,23.08.25.,모델선택: 512GB / 색상선택: 크림,S10에서 3년만에 바꿨는데 최신이 좋긴 좋네요. 더 가볍고 그립감도 좋아요. 색도 이뻐서 당분간 투명 케이스만 씌워야겠어요.
평점5,23.09.09.,모델선택: 256GB / 색상선택: 그린,라이브때 저렴하게 잘 샀어요!!색상도 마음에들고 크기도 적당해서 손목에 무리도 없을것같아요 ㅋㅋ
평점5,23.05.25.,컬러: 블랙,급하게 주문했는데 빨리 배송와서 넘 좋았어요! 블랙 진짜 예뻐요~~~
평점5,23.09.28.,모델선택: 512GB / 색상선택: 그린,저렴하게 잘 샀어요~플립도 구매 하러 올게요!!!
평점5,23.10.17.,모델선택: 256GB / 색상선택: 블랙,작고 귀엽고 색도 너무 시크하고 완벽해요 좋은 가격에 잘 샀습니다 잘 쓰겠습니다 번창하세요
평점5,23.11.08.,모델선택: 256GB / 색상선택: 크림,강추합니다 저렴하게 잘 구매했습니다 배송빠르고 만족합니다 역시 갤럭시 s23 이네요. 완전 마음에 들어요. 크림색상도 아주 이뻐요. 잘쓰겠습니다
평점5,23.06.15.,용량: S23울트라 256GB / 색상: 크림,S23울트라요즘 같은 시기 한줄기 빛과 같은 이벤트에요~가족에게 선물로 구입했는데너~무 좋아하시네요.위드모바일!감사합니다!
평점5,23.03.08.,선택: 갤럭시 S23 256GB (크림),크림색 이쁘네요빠릿하니 좋아요친절하고 담에 기회되면 또 구입하겠습니다
평점5,23.05.22.,색상;크림{ZEEKOO}[1개],구매하고 가격이 살짝 올라 취소될까 걱정했는데 보내주셔서 감사합니다 갤럭시 s9 쓰다 넘어왔는데 속도가 빠르네요 카메라도 많이 좋아졌구요 크림색상도 덩말 이쁩니다
평점4,23.03.04.,컬러(256GB): 256그린,폰은 당연히 새거니까 만족합니다.필름이 저질이라 테두리 그냥 뜨고 좀 맘상하네요. 다른폰 사면서 한장남은거 부착해서 사용하긴 할건데 이런거 보내려면 그냥 안보내주심이...
평점5,23.02.18.,제3자 정보제공 동의: 동의합니다 / 색상: 크림 [ZEFKOO],안전하고 빠르게 잘 도착했습니다 ^^ 제품 상태도 양호하고 감사합니다. 크림색상이 실물이 너무 이쁘네요 !!
평점5,23.10.24.,색상: 팬텀 블랙,이쁘네요. 디자인이 아이폰 저리가라네요.무광이라 더 예쁜 거 같고요. 선물했는데가족이 매우 만족하여서 뿌듯합니다. 일요일에 주문했는데 월요일에 도착했어요.배송도 너무 좋습니다. 좋은 기회에 잘 샀어요.
평점5,23.09.16.,모델선택: 512GB / 색상선택: 그린,갤럭시23 손에 딱 맞는 아담한 사이즈라 너무 맘에 듭니다. 감사합니다
평점5,23.04.03.,선택: 갤럭시 S23 256GB (크림),핸드폰이 너무 마음에 드네요~이번 갤럭시 23 엄청 마음에드네요 화질도 마음에 들고 매우 만족스럽습니다.
평점5,23.05.07.,모델선택: 256GB / 색상선택: 그린,5월4일에 주문했는데 6일 토요일 오전에 도착했어요주문해놓고 플러스로 살걸 괜히 일반모델로 주문했나 싶었는데 손에 딱맞고 그립감 좋인요
평점5,23.07.17.,용량: S23울트라 256GB / 색상: 팬텀블랙,너무 이뻐요!! 부모님 사드렸는데 정말 좋아하시네요 ㅎㅎ 무광이라 더 이쁜거같아요 잘 쓰겠습니다
평점5,23.06.13.,용량: S23 256GB / 색상: 크림,핸드폰 너무 좋구요 할인많이 되서 좋아요 아내가 정말 좋아하네요 감사합니다
평점4,23.09.08.,모델선택: 256GB / 색상선택: 블랙,다음날 배송 왔고 삼성슈퍼위크라서 89만원에 구매했네요.종이랑 같이 들어있던데 완충제 역할을 하는 건가요..?초기설정때 발열이 생각보다 심해서 걱정했는데 며칠 지나니 괜찮습니다.만족스러워요.
평점5,23.06.22.,용량: S23 256GB / 색상: 라벤더,택배를 열자 마자 포장상태에 놀랐지만 제품에는 이상이 없는듯 합니다. 크림색 품절이라 라벤더 구매했는데 예쁘고 사이즈도 적당해서 그립감 좋아요
평점5,23.05.06.,정보없음,S9+ 쓰다가 오랫만에 바꾸게 됬네요 사전예약을 못해서 눈팅하다가 요번에 갖고 있는 카드에 할인이 좋아서 구매하게 됬네요 기분도 좋고 더좋은 성능으로 당분간 잘쓰겠네요^^
평점4,23.02.16.,제3자 정보제공 동의: 동의합니다 / 색상: 그린 [ZGFKOO],s20울트라 쓰다 바꿨는데 확실히 버벅임이 적어 만족하지만 기본형 모델에대한 정보가 너무 없는거 같아요! 온통 울트라 정보만 올라오고... 그래서 좀 아쉬워요! 하지만 기본 성능이 짱입니다.
평점5,23.09.05.,모델선택: 256GB / 색상선택: 크림,구매하기전에 매장가서 보고왔어요~내것이라고하니 더 좋네요 ㅋㅋㅋ s8사용하다 드뎌드뎌~ as한번 안받고~ 역시 삼성 짱짱짱 ~s23도 잘 부탁한다
평점5,23.02.17.,제3자 정보제공 동의: 동의합니다 / 색상: 팬텀블랙 [ZKFKOO],디자인 너무 예쁘고 빠른배송 감사합니다
평점5,23.03.18.,선택: 갤럭시 S23 256GB (크림),배송도 너무 빠르고 핸드폰 너무 이뻐요케이스랑 필름도 너무 감사합니당
평점5,23.05.16.,선택: 갤럭시 S23 256GB (크림),폰이약간 작은편인데 쉐입이예쁘고 세련된디자인이맘에들어요~^^사진이랑 다옮기고~비싼요금제쓰는게싫어서 샀는데 만족해요~😄많이파세요~!
평점5,23.05.16.,선택: 갤럭시 S23 256GB (크림),배송도빠르고 디자인 심플하니 넘맘에드네요..자급제로사는건 처음인데 만족합니다~가볍고 좋아요^^
평점5,23.10.22.,색상: 크림,아버지 핸드폰이 너무 오래되서 자급제로 기기변경 해드리려 주문했어요크림색 완전 예뻐요.멋져요^^제가 크림색으로 바꾸고 싶어지네요~크림색상 완전 추천요
평점5,23.06.17.,용량: S23 256GB / 색상: 그린,배송완전빠르고 그린색상 생각보다 실물이 훨씬 예쁜것 같습니다.제품받아보니 콤팩트하고 그립감 좋네요덕분에 싸게 잘 샀습니다 감사합니다 ^^  ㅎㅎㅎ
평점5,23.09.08.,모델선택: 256GB / 색상선택: 크림,배송 완전 빨라요 저녁에 주문하고 다음날 점심에 받았습니다. 스피드에 한번 더 놀람..!포장이 조금 허술하긴했어서 파손 걱정을 했능데 다행히 하자없능 제품 인 것 같아요.저렴한 가격에 잘 샀슴니다 ~
평점5,23.02.15.,제3자 정보제공 동의: 동의합니다 / 색상: 팬텀블랙 [ZKFKOO],늦게 예약해서 빨리 못받을줄 알았는데 바로 받아서 너무 좋네요 ㅎㅎ 포장도 꼼꼼히 해주셔서 안전히게 잘 받고 사용 시작했어요
평점5,23.03.06.,선택: 갤럭시 S23 256GB (팬텀블랙),"배송 빠르고 잘 받았고, 잘 됩니다. 원래 쓰던폰이 워낙 오래 된거라 잘 샀다는 생각이 드네요"
평점5,23.08.02.,선택: 갤럭시 S23 256GB (크림),s10쓰다가 바꾸니 와이프가 엄청좋아하네요고장없이 앞으로 또 한5년..ㅋ
평점4,23.06.18.,용량: S23 256GB / 색상: 팬텀블랙,빠른배송과 상품에 하자 없음 가장중요한것에 흠없이 전달됐습니다.
평점5,23.02.21.,용량: 256GB / 색상: 크림,잘 받았습니다ㅎㅎ영롱하니 예쁘네요~
평점5,23.02.15.,제3자 정보제공 동의: 동의합니다 / 색상: 크림 [ZEFKOO],이뻐요!!!사진과 같아용
평점5,23.05.24.,선택: 갤럭시 S23 256GB (라벤더),다음날 바로 배송 오고 휴대폰도 하자 없이 잘 되네요ㅎㅎ 라벤데 색깔 너무 이뻐요
평점4,23.04.03.,모델선택: 갤럭시S23 512GB / 색상선택: 크림,배송도 빨랐어요. 라방할때 구입해서 싸게 산거같아요 안전하게 배송 잘 왔어요
평점5,23.08.05.,용량: S23플러스 256GB / 색상: 라벤더,"S8 오래동안 쓰고, S23 으로 넘어오게 되었네요이게 바로 신세계네요. 배송 너무 너무 빠르떼, 상자가 찌그러져ㅠㅠ내용물은 포장이 잘되어 이상이 없네요S23 아 앞으로 잘 부탁한다 ㅎㅎ"
평점5,23.03.22.,컬러(256GB): 256그린,네이버 최저가에 구매했고 배송도 이틀만에왔어요. 포장하고 사은품도 꼼꼼해서 좋네요 . 사은품 필름하고 케이스는 쓸만은한데 새로 임시로 쓰기 좋았어요
평점5,23.03.27.,색상: 크림,깔끔하고 빠르게 배송되었어요삼성파트너라서 더 믿고 만족스럽습니다!자급제 믿고 구매합니다!유심만 옮기고 편하게 쓰는 자급제👍케이스 구매해서 끼우니 더 이쁜 크림~잘 쓸게요!
평점5,23.04.21.,정보없음,"디자인 검나 이뻐요. 아이폰 필이 있긴한데, 아이폰 보다 더 이쁜듯성능 발열 다 개선된것 같네용쿠폰할인에 깔삼하게 최저가 구매해서 더 좋으네용"
평점5,23.02.25.,제3자 정보제공 동의: 동의합니다 / 색상: 팬텀블랙 [ZKFKOO],이번 갤럭시는 디자인이 너무 예뻐요!!!! 카메라와 본체 사이 경계 없는거 너무 맘에 드네요 최고입니다
평점5,23.04.03.,모델선택: 256GB / 색상선택: 크림,예쁘고 가벼워요!엣지도 없고 평평해서 더 예쁜 것 같아요!간만에 마음에 쏙 드는 디자인 나와서 구매했는데대만족입니다👍👍👍
평점5,23.03.01.,제3자 정보제공 동의: 동의합니다 / 색상: 크림 [ZEFKOO],얼핏 거의 흰색같아요. 생각보다 디자인 깔끔해서 맘에 들어요
평점5,23.03.29.,색상;크림{ZEEKOO}[1개],크림색 너무 예쁘네요. 생각보다 슬림하고 가벼워서 좋아요.
평점5,23.05.23.,선택: 갤럭시 S23 256GB (그린),대박 빠른배송갤럭시 첨  써보는데 와우~~ 너무 좋아요S23 진짜 최첨단 기계너무 잘 샀어요
평점5,23.06.16.,선택: 갤럭시 S23 256GB (크림),심플한디자인 이쁘고 작동 잘되네오~~맘에듭니다^^
평점5,23.09.27.,용량: S23플러스 256GB / 색상: 라벤더,너무 이쁘네요 사길 잘한거 같아요아이폰14프로보다 살짝 크네요 그리고 살짝 더 가벼워요 잘쓸게요
평점4,23.07.11.,색상: 블랙,오좋아요 아이폰11프로사용하다 고장나서 아이폰15구입하려고했는데 겔럭시23이 눈에들어와서 구입했는데 사이즈가 조금은 작지만 좋아요 !!!!!
평점5,23.04.13.,정보없음,좋아요 하이마트가 역시 모듬 플랫폼중 최고네요. 역시 구성품 최고에요
평점5,23.05.08.,정보없음,잘 받았습니다 그립감도 좋고 두 개 감독 같았습니다 예전에 비해 패키싱이 적지만 사용하는데 불편함은 없습니다 감사합니다
평점5,23.03.03.,컬러(256GB): 256크림,빠른배송 친절한 응대 아주 좋았어요 크림색 예쁘네요
평점5,23.03.12.,선택: 갤럭시 S23 256GB (팬텀블랙),빠른 배송 감사합니다.블랙 색상 이뻐요
평점5,23.10.23.,색상: 크림,어머님에게 선물용으로 구매했습니다배송이 무척 빠르기도 했는데역시 S23은 명기가 맞구나 싶을정도로완벽하게 잘 만들어진 기기 같네요
평점5,23.06.26.,용량: S23 256GB / 색상: 라벤더,"진짜 빠르고 지문인식, 얼굴인식까지 다 되니 너무 좋습니다. 노트 9쓰다가 넘어와서 그런지 처리속도가 좋아요"
평점5,23.07.04.,색상: 라벤더,배송빠르고 오픈도지 않은 새제품입니다아직은 박스 미개봉^^~
평점5,23.08.27.,모델선택: 256GB / 색상선택: 크림,포장이 좀 부실하게 왔네요 제품은 똑같습니다
평점5,23.03.04.,선택: 갤럭시 S23 256GB (크림),배송빠르고 문제없이 잘 작동합니다.
평점5,23.03.08.,선택: 갤럭시 S23 256GB (팬텀블랙),배송이  빠름니다.
평점5,23.04.09.,컬러: 블랙,잘받았어요^^개통만 하면 되는데 차차 해야겠어요
평점5,23.06.15.,용량: S23 256GB / 색상: 라벤더,너무나빠른배송에 색상도 이쁘고 혜택도 좋아서 만족합니다. 잘쓰겠습니다 ~오자마자 케이스사고 ~ㅎㅎ
평점5,23.10.22.,모델선택: 256GB / 색상선택: 그린,좋아요 좋아요 좋아요 좋아요 좋아요 좋아요
평점5,23.03.22.,정보없음,갤럭시s22플러스에서 넘어왔는데 한손조작도 가능하고 사이즈가 무척 맘에 듭니다. 색감도 좋고 이번에 디자인이 너무 예쁘게 나와서 만족감이 더욱 높습니다. 뒷면 디자인이 너무너무 깔끔합니다. 전체적으로 대만족입니다. 
평점5,23.05.02.,상세페이지안내내용동의: 동의함 / 컬러: 라벤더,사진상으로 봤을때 보다 라벤더 실물 색상 더 예뻐요 배송도 빠르고 좋아요 기존에 쓰던 폰 용량도 작고 오래 써서 바꾸고 싶었는데 싸게 유심만 바꿔서 기기변경 할수 있어서 좋네요
평점5,23.03.28.,용량: 256GB / 색상: 라벤더,"기기 빠르게 안전하게 잘 왔고, 손상 이런 것도 없이 좋아요. 색상은 사진에 나온 거랑 결은 비슷한데 더 맑은 느낌이에요.우연히 라이브 방송 있는 거 알아서 혜택 많이 받고 구매해서 좋아요~"
평점5,23.02.25.,제3자 정보제공 동의: 동의합니다 / 색상: 크림 [ZEFKOO],"사과폰 보다 갤럭시를 더 선호합니다터치감 좋고 카메라 화질도 좋네요 다만, 액정보호필름이 안 붙어져 나오는게 아쉬워요"
평점5,23.09.03.,용량: S23 256GB / 색상: 라벤더,기존에 s20쓰다가 액정 고장으로 넘어왔는데세상에 이게 뭐람. s23 역대급으로 예쁜거 아닌가요. 그리고 20처럼 양옆이 둥글지도 않고 평평해서 더 좋아요~잘 쓰겠습니다♡
평점5,23.06.25.,컬러(256GB): 256라벤더,"S23 가볍고 사진 조도도 좋아요.퀀텀1,2 썼었는데 간만에 프리미엄 폰쓰니 퀀텀보다 화질이 훨씬 좋아서 만족해요.아래는 2달전에 나들이가서 찍은 꽃사진인데 S23 사진은 이 정도구나 생각해주세요."
평점5,23.04.02.,정보없음, A40에서 s23으로 쓰니버벅거리는 현상 카메라기능 모두 만족합니다블랙도 무광 같아 보여서 더 맘에 들어요
평점5,23.03.25.,컬러: 라벤더,자급제 좋아요요금할인 받아서 만원대 쓰고있었는데비싼요금 안써도 되고 좋네요필름은 제가 똥손이라 둘다 망해서 방탄으로 사서 잘 붙였네요
평점5,23.03.06.,선택: 갤럭시 S23 256GB (크림),역시 컴팩트한게 저한테 딱이네요.원래 노트 같이 큰 액정은 별로라 s23 했는데 매우 만족합니다.크림색도 실제 이쁩니다.
평점5,23.06.15.,용량: S23플러스 256GB / 색상: 그린,핸드폰 바꿀때가 됐었는데 마침 라이브로 추가할인을 하고있어서 구매했어요. 어제 저녁에 주문하고 오늘 오후에 도착했어요. 심플한게 마음에 듭니다.
평점5,23.06.16.,용량: S23플러스 256GB / 색상: 라벤더,잘받았습니다. 아이폰에서 갈아타서 좀적응이 필요하지만 좋아요! 굿굿 색깔도 맘에들어요
평점5,23.05.14.,선택: 갤럭시 S23 256GB (라벤더),"배송 매우빠르고,저렴하고 이쁘네요!!!유심갈아끼우기만하면 바로사용가능합니다.새폰이라서 그런지 빠르고,배터리도 적게다네요.너무좋아요!!"
평점4,23.06.07.,색상: 그린,그린 일주일째 쓰고있는데 매우 만족하며 사용하고 있습니다.전 아직 4G가 좋은것같아요자급제 강추입니다.
평점5,23.07.08.,선택: 갤럭시 S23 256GB (라벤더),뭐 정품이라 상품은 좋구요넣어주신 케이스또한 깔끔하니 맘에듭니다
평점5,23.05.16.,상세페이지안내내용동의: 동의함 / 컬러: 라벤더,아들이 이쁘다고 탐내네요 작아서 손에 쏙 들어와서 좋아요 핸드폰이 작으니 케이스도 작아서 지폐를 접어야한다는것 빼고는 아직까진  아주 좋아요
평점5,23.03.14.,선택: 갤럭시 S23 256GB (크림),속도 빠르고 디자인 깔끔해요.아직 적응중이에요. 잘 쓸게요.
평점5,23.02.15.,제3자 정보제공 동의: 동의합니다 / 색상: 라벤더 [LIFKOO],늘 사용하던 갤럭시라 익숙함이 주는 편리함이 좋아요사전구매혜택 상품도 받아보고 싶어요
평점5,23.05.23.,선택: 갤럭시 S23 256GB (크림),휴대폰 잘받았습니다.빨리 받을 수 있어서 만족스럽네요S23 역시 예쁘네요많이 파세요^^
평점5,23.10.06.,정보없음,저렴하게 원하는 색상 구엡하였습니다 ^^성능도 최고
평점5,23.02.18.,제3자 정보제공 동의: 동의합니다 / 색상: 팬텀블랙 [ZKFKOO],배송도 빠르고 팬텀블랙 색상도 깔끔하니 이쁩니다
평점5,23.07.20.,상세페이지안내내용동의: 동의함 / 컬러: 그린,색감도 너무 좋고 배송도 빨라서 좋았어요
평점5,23.06.22.,용량: S23 256GB / 색상: 라벤더,핸드폰이 너무좋아요ㅎ 다음에 또사야징~
평점5,23.04.18.,정보없음,배송이 빠르고 저렴하게 잘샀어요~
평점5,23.04.25.,선택: 갤럭시 S23 256GB (크림),배송 빠르고 저렴하게 잘샀어요
평점5,23.06.15.,용량: S23 256GB / 색상: 라벤더,핸드폰 좋은 가격에 잘 샀어요! 원하던 컬러라 기대가 많았는데 실제로보니 더 이쁜거같아요. 오래 잘 사용할수있길 바래봅니다.
평점5,23.03.15.,색상;라벤더{LIEKOO}[1개],그립감이 좋고 색상도 은은하니 너무 예쁩니다. 크림색도 끌렸지만 라벤더 골랐는데 실물이 더 예뻐서 잘 고른 것 같네요.
평점5,23.04.06.,컬러(256GB): 256크림,아이폰 사용하다가 결국 갤럭시로 돌아왔어요. 받아보니 디자인도 이쁘고 무게도 가벼워서 너무 만족스럽습니다. 좋은 가격에 잘 산 것 같고 잘 쓰겠습니다👍
평점5,23.10.17.,모델선택: 256GB / 색상선택: 그린,사이즈 손에 착 감겨서 너무 좋구요 그린색상도 고급져보여요. 달 찍은건데 사진도 너무 잘나오네요 전체적으로 매우만족합니다
평점5,23.05.16.,선택: 갤럭시 S23 256GB (라벤더),배송도 빠르고 좋아요 다른곳보다 싸게 산거 같아요 맘에 듭니다! 젤리케이스도 단단한거 주셨어요 잘쓸게요
평점5,23.06.11.,용량: 256GB / 색상: 팬텀블랙,남편 핸드폰이 망가져서 서프라이즈 선물로 준비했는데 너무 좋아하네요 ^^사이즈도 딱이고 슬림해서 더욱 예쁘네요. 잘 쓸게요!!
평점5,23.02.17.,제3자 정보제공 동의: 동의합니다 / 색상: 크림 [ZEFKOO],기본모델 샀는데 화질 너무 좋아서 마음에 들어요!!디자인도 깔끔하고 크림색도 예쁘고 한손에 쏙 들어오는 사이즈라 좋아요~
평점5,23.06.17.,용량: S23 512G / 색상: 라벤더,라벤더 이쁘고 좋네요배송도 엄청 빠르고 만족합니다
평점5,23.06.30.,용량: S23 256GB / 색상: 크림,좋아요 배송도 빠르고 크림색도 예뻐요 맘에 듭니다
평점5,23.05.24.,컬러: 라벤더,넘 좋네요 디자인에 성능에 굿굿입니다 아들이 넘좋아해요 감사합니다
평점4,23.06.18.,용량: S23 256GB / 색상: 팬텀블랙,할인해서 저렴하게 잘구입했어요 카드할인을 못받아서 아쉬웠어요ㅜㅜ
평점5,23.03.14.,컬러(256GB): 256라벤더,"배송이 아주 빠르더군요. 제품 군더더기없이 좋았구, 챙겨주신 필름이랑 케이스 다 좋았습니다! 감사합니다!"
평점5,23.03.12.,선택: 갤럭시 S23 256GB (라벤더),구매만족합니다. 빠른배송감사드립니다.완전 이뽀요. 너무 잘산거 같아요.♡
평점5,23.06.23.,용량: S23울트라 512GB / 색상: 라벤더,오후늦게 주문했는데 다음날 받아봤네요 배송도 빨랐고 포장도 잘되서 도착했어요 보호필름이나 기타 서비스품들이 없는게 아쉽지만 저렴하게 구매했으니 만족해요~
평점5,23.10.18.,모델선택: 256GB / 색상선택: 크림,울트라 불편해서 새로 알아보다가행사가 타이밍 좋게 저렴하게 나와서 구입했습니다농협카드 적립까지 받으면 81만원에 구입하는거네요
평점5,23.06.22.,색상: 크림,다른곳보다 더 안전하게 포장되서왔어요.선물하는것이라 신중하게 고르고 정품 상자 그대로   와서 남편이신나게 언박싱했습니다.  좋은 제품 감사합니다.
평점5,23.06.25.,용량: S23 256GB / 색상: 팬텀블랙,빠른 배송과 라이브 방송 혜택으로 선물용 핸드폰 잘 구매했어요! 아직 선물은 전달하지 못하고 기다리는 중 인데 빨리 선물 받고 기뻐하는 모습 보고싶네요
평점5,23.10.30.,모델선택: 256GB / 색상선택: 라벤더,와이프 폰이 망가져서 자급제폰 알아보던중 라이브쇼핑통해 구매했어요 배송도 빠르고 디자인도 너무 이쁘네요
평점5,23.03.22.,컬러: 라벤더,갤 노트10 플러스 3년반쓰다 배터리 부족 경고떠서 갤23으로 바꿈. 카메라 좋고 라벤더색 예쁘고 가벼움.
평점5,23.03.15.,컬러(256GB): 256그린,배송빠르고 포장 꼼꼼해요. 기기에 문제 없고 셋팅 후 잘 사용중입니다. 갤럭시 s23 너무 마음에 드네요
평점4,23.08.17.,용량: S23플러스 256GB / 색상: 팬텀블랙,부모님한테 드리기 위해 구매했는데 봉인 테이프가 살짝 뜯어져 있긴 하지만 전체적으로 만족합니다.
평점5,23.09.16.,용량: S23울트라 512GB / 색상: 팬텀블랙,기능성 좋고 사진 정말 잘 찍히고 자급제로 구매해서 사용하니깐 더 좋은것 같아요.
평점4,23.10.30.,색상: 라벤더,주문하고 다음날 바로 받았어요. 다른 분 리뷰처럼 제조월이 4월입니다. 괜찮은 가격에 구매해서 만족합니다~
평점5,23.03.15.,선택: 갤럭시 S23 256GB (그린),갤22울트다 쓰다가 넘어왔는데 크기가 작아져서 적응은 아직안됩니다. 3년동안 잘사용했으면좋겠습니다.
평점5,23.09.05.,모델선택: 256GB / 색상선택: 라벤더,어제 주문 후 오늘 받았어요 ㅎ싸게 잘 샀고 배송도 빨라서 만족합니다 👍
평점5,23.04.12.,선택: 갤럭시 S23 256GB (크림),쌤쑹 갤럭시 넘 예뻐요! 배송도 하루만에 받았고 정상적으로 잘 동작합니다
평점5,23.10.22.,모델선택: 256GB / 색상선택: 크림,배송 빠르고 바로 개통잘되네요~^^ 라이브때 사서 혜택받고 좋네요 엄마 선물해드린건데 너무 좋아하세요
평점5,23.07.18.,모델선택: 512GB / 색상선택: 라벤더,핸드폰이 갑자기 망가져서 급하게 필요했는데하루만에 배송와서 좋아요
평점4,23.06.18.,용량: S23울트라 512GB / 색상: 라벤더,색상 용량 디자인만족 했어요 갤럭시S시리즈근데 포장이너무 실망했어요뽁뽁이도 하나없이 바닥에 얇은 종이하나만 전자제품인데 포장때문에 별하나 뺍니다
평점5,23.07.24.,용량: S23울트라 512GB / 색상: 팬텀블랙,어두워도 달이떠도23울트라의 피사체는 그저밝기만합니다다른핸드폰으론 밤마다  노출부족을 걱정해야하는데23울트라는 그냥 너무나 펀 폰입니다너무좋아요
평점5,23.06.15.,상세페이지안내내용동의: 동의함 / 컬러: 라벤더,게임을 많이 하는데 뜨거워지지도 않고 깔끔하고 이뻐서 좋아요
평점5,23.06.19.,선택: 갤럭시 S23 256GB (크림),튼튼하고 가볍고~디자인이예뻐서 좋네오ㅜ🙂잘쓰고있어요-^^
평점5,23.04.08.,색상: 팬텀블랙,아들 폰 바꿔줄려고 자급제폰으로 구매했는데 너무 좋습니다.
평점4,23.08.05.,색상: 그린,그전꺼가 요래 생겨서 다시 주문했어요. 풀커버인줄알고 샀는데 안좋았는데. 새거.구입하니 쨍하니좋아요. 빨리옴
평점5,23.03.27.,"색상 / 크림{ZEEKOO} / 1,155,000원  / ",폴드4  쓰다가 넘어왔는데 가볍고 빨라서 너무 좋습니다 ㅎㅎ
평점5,23.09.07.,색상: 팬텀 블랙,어제 저녁에 시켰는데 오늘 낮에 받았어요~ 작동도 잘됩니다
평점5,23.02.16.,제3자 정보제공 동의: 동의합니다 / 색상: 팬텀블랙 [ZKFKOO],첫 스마트폰부터 지금까지 갤럭시 유저 입니다23은 진짜 기대됩니다 블랙 넘 깔끔하고 좋아요
평점5,23.02.19.,제3자 정보제공 동의: 동의합니다 / 색상: 라벤더 [LIFKOO],"배송 빨라요~ 갤럭시 s23 성능 좋고, 디자인 너무 이뻐요!!"
평점5,23.06.17.,용량: S23 256GB / 색상: 라벤더,"다음날 배송받았고, 색상도 마음에 듭니다. 수고하세요."
평점5,23.10.18.,모델선택: 256GB / 색상선택: 블랙,밤에샀는데 다음날 도착했어요 싸게 구입잘한거 같아요
평점5,23.07.07.,색상: 크림,새제품 빠르게보내주셔서 감사드려요.잘사용할께요.
평점5,23.08.21.,색상: 라벤더,배송 빠르고 잘도착했어요가격도 싸게 잘샀네요
평점5,23.03.10.,컬러(256GB): 256블랙,배송도 빠르고 이번 갤럭시s23 너무 맘에 듭니다
평점5,23.03.29.,컬러(256GB): 256크림,노트10쓰다가 넘어갔습니다!색깔이며 사용감이며 크림에 s23이 딱이네요나머진 너무 커여 ㅋㅋㅋ너무 이쁘고 좋아요
평점5,23.02.14.,제3자 정보제공 동의: 동의합니다 / 색상: 크림 [ZEFKOO],잘 도착했습니다. 케이스랑 톡 바로끼웠더니 원래 쓰던폰이랑 느낌이 비슷합니다
평점5,23.03.09.,컬러: 크림,빠른 배송 하자없는 상품 만족합니다!!
평점5,23.02.16.,제3자 정보제공 동의: 동의합니다 / 색상: 라벤더 [LIFKOO],색상이 이쁘고 배송도 빨라서 좋아요.
평점5,23.08.19.,정보없음,예뻐요 잘 작동해요~ 잘산거 같애요
평점5,23.04.29.,용량: 256GB / 색상: 라벤더,부모님 a30 쓰시다 자급제 필요해서 구매해서 바꿔 드렸어요. 무게도 가볍고 빠릿해서 좋습니다.
평점5,23.02.14.,제3자 정보제공 동의: 동의합니다 / 색상: 크림 [ZEFKOO],가격착하고 상품도좋아요 ~^^
평점5,23.03.03.,모델선택: 갤럭시S23 256GB / 색상선택: 크림,아이 입학선물이에요 ㅎ아이폰가려다가 이번에카메라좋다고해서 갤럭시로 바꿨어요대만족 ㅎㅎ그런데 케이스가 하나같이 올지알았는데 안와서급 주문했어요 ㅎㅎ
평점3,23.03.09.,선택: 갤럭시 S23 256GB (크림),기대한큼아주만족합니다.
평점5,23.07.18.,색상선택: 그린,휴대폰이 너무 이뻐요 ^^
평점5,23.05.04.,컬러(256GB): 256크림,배송 빠르고 만족해요
평점5,23.08.24.,용량: S23플러스 256GB / 색상: 라벤더,담날배송되고 좋아요
평점5,23.03.23.,컬러(256GB): 256크림,진짜 최고입니당!!!!!
평점5,23.04.06.,색상: 팬텀블랙,잘 쓰겠습니다---
평점5,23.05.19.,선택: 갤럭시 S23 256GB (라벤더),배송 엄청 빠르네요. 라벤더 색상도 예뻐요. K무선 충전도 잘되고 문제없이 오래 썼으면 좋겠습니다~
평점5,23.09.14.,용량: S23 512G / 색상: 크림,완전 좋아요  정말 잘산것 같아요  배송도 진짜 빨리왔어요
평점5,23.07.03.,용량: S23플러스 256GB / 색상: 라벤더,배송도 완전 빠르고 제품 완전 저렴하게 잘 샀습니다
평점5,23.04.20.,선택: 갤럭시 S23 256GB (라벤더),친오빠 선물해줬는데 배송도 빠르고 폰 색상이 넘 예뻐요 ㅎㅎ 많이파세용
평점5,23.05.30.,모델선택: 256GB / 색상선택: 블랙,진짜 하루만에 받았어요. 저렴한 가격에 잘 샀어요.
평점5,23.06.22.,용량: S23울트라 512GB / 색상: 팬텀블랙,빠르게 배송해주셔서 제주 바다에서 노을을 100배줌해서 찍을수 있었습니다 ㅎㅎㅎ정말 비싸지만 만족합니다!
평점5,23.03.08.,모델선택: 갤럭시S23 256GB / 색상선택: 크림,고민하다 질렀는데 너무너무 만족스
평점5,23.09.22.,용량: S23 256GB / 색상: 라벤더,배송빠르고 개통도 문제 없이 잘 돼요! 고장없이 오래 쓰길^^감사합니다
평점5,23.09.11.,용량: S23울트라 512GB / 색상: 팬텀블랙,결제 하고 다음날 받아서 바로 개통 했습니다 빠른 배송 감사합니다
평점5,23.10.18.,모델선택: 256GB / 색상선택: 라벤더,배송 빠릅니다.어머니 폰 교체로 구매 했습니다.싸게 잘 구매 했습니다.
평점5,23.06.19.,용량: S23플러스 256GB / 색상: 라벤더,진짜 크림색이랑 겁나고민했는데 라벤더사길잘햇누👏👏겁나 만족이에요👍👍👍👍👍👍👍👍
평점5,23.05.05.,정보없음,색감크림이 넘 이쁘네요.너무  큰 사이즈는 사용하기가 불편해서 s23으로 구매했는데 딱 좋아요.다만 sd카드 넣는곳이 없어서 용랑 더 큰걸 안산걸  조금 후회했네요.저는 있는줄 알고...아무튼 카메라 성능도 좋구요.만족합니다.
평점5,23.06.28.,모델선택: 512GB / 색상선택: 크림,일단 용량큰걸로 사서 걱정없이 사용해서 좋고 가뵵고 배터리도 오래가서 너무 만족하며 쓰고있어요!!! 색상은 투명케이스아니면 볼 일이 없어서 무난한것 같아요:)
평점5,23.04.17.,상세페이지안내내용동의: 동의함 / 컬러: 팬텀블랙,"갤럭시10 쓰다가 액정깨지고, 충전단자가 망가져서 S23 샀는데...  그립감이 좋네요...  만족합니다...막 개봉해서 혼자 데이터다운받고, 어플 옮기고 보호필림까지 붙였는데...  너무 멋지네요."
평점4,23.06.28.,모델선택: 256GB / 색상선택: 크림,빠르게 도착해서 놀랐어요. 다만 생각보다 발열이 있어서 기대했던 만큼은 아닌가 싶네요. 그 외에는 만족스럽습니다. 충전기 없다고 연락드리니 바로 보내주신다고 대응해주셔서 너무 좋고 감사했습니다!
평점5,23.11.09.,컬러: 크림,배송도 빠르고 물건도 확실하고 너무 좋아요 보내주신 케이스도 잘쓰겠습니다 자급제폰 처음 사봤는데 진짜 성공적이에요 감사합니당 :)
평점5,23.06.10.,용량: 256GB / 색상: 크림,화면이 좀 작아서 아쉬웠는데 잘 왔어요! 이것저것 만져서 지문 묻고 난리인데 액정필름이랑 케이스만 오면 바로 사용할거에요ㅠ 예뻐요
평점5,23.07.03.,색상: 크림,저렴한 가격 88만원으로 자급제 구입이 가능하다니 너무 만족합니다. 현재 중고가로도 90만원 이상이라 가격 측면이 매우 매력적입니다. 하루만에 배송이 왔고 충전기도 아주 좋습니다.
평점5,23.04.29.,모델선택: 512GB / 색상선택: 크림,삼성전자 서비스센타에서 디자인보고 심플에서 고민하다가 라이브에서 적립해택보고 구매 했어요! 사이즈 작은게 좋아서 플러스 아닌것 구매했꾸 용량 500인데도 괴인가격인듯해여
평점5,23.03.29.,제3자 정보제공 동의: 동의합니다 / 색상: 크림 [ZEFKOO],너무 좋아요 바꾸길 잘했네요 디자인도 예쁘고 모든점에서 만족합니다!! 사진은 제가 갤s23으로 찍은거에요 ㅎㅎ
평점5,23.03.24.,정보없음,콤팩트한 갤럭시 s23! 너무 좋아요 컬러도 이쁘고 만족합니다.하이마트에서 할인 및 삼성 이벤트로 싸게 샀네요!!
평점5,23.06.25.,용량: S23 256GB / 색상: 팬텀블랙,배송도 빠르고 좋은 기회에 좋은 가격으로 잘 샀습니다!!!!! 기기도 이상 없었어요. s23 크기도 적당하고 생각보다 엄청 가벼워서 오래 잘 쓸 수 있을 것같아요
평점5,23.03.16.,컬러(256GB): 256크림,"폰화질 좋아요,  그리고 무엇보다 빠른배송도 만족.화이트 예쁘네요.근데문의하나드립니다.삼성 일반 혜택은 어떻게 신청하나요???"
평점5,23.04.26.,선택: 갤럭시 S23 256GB (그린),배송도 하루만에 오고 새제품 저렴하게 받아서 매우 만족합니다. 보내주신 액정보호필름과 실리콘케이스도 감사히 잘 쓰겠습니다
평점5,23.02.24.,용량: 256GB / 색상: 라벤더,S22 사려다 S23 가격도 혜택도 너무 좋아서 라방할때 겟!! 디자인이며 색이며 뭐하나 빠지는게 없어요~ 무광이라 지문 안남는것도 너무 좋네요ㅋㅋ 잘 쓸께요^^
평점5,23.04.05.,컬러: 크림,상품과 배송 모두 만족합니다.5년만에 핸드폰을 교체했는데 정말 좋네요.색상도 마음에 들고요.
평점5,23.05.18.,선택: 갤럭시 S23 256GB (팬텀블랙),좋은 상품 좋은 가격에 판매해주셔서 감사해요~ 케이스와 액정필름까지 세트라서 더욱 만족스럽습니다 번창하세요~
평점5,23.02.15.,제3자 정보제공 동의: 동의합니다 / 색상: 크림 [ZEFKOO],생각이상으로 터치감도 좋고 크기도 딱 제 손에 맞고 좋아요. 색상도 크림색 맘에 드네요
평점5,23.02.20.,제3자 정보제공 동의: 동의합니다 / 색상: 라벤더 [LIFKOO],예뻐요 카메라 진짜 좋으네요 완전 맘에 듭니다사전구매로 혜택도 잘 받고 용량 업글도 좋아요배송 진짜 뻘라서 구매 다음날 24시간도 안되서 받았네요.
평점5,23.07.09.,상세페이지안내내용동의: 동의함 / 컬러: 팬텀블랙,오랜만에 콤팩트한 사이즈의 폰을 쓰니까 가볍고 좋아요. 블랙 색상도 예뻐요
평점5,23.03.22.,정보없음,색도 이쁘고 좋은데 생각보다 작고 케이스 끼니 무거워요 그래도 잘써볼게요
평점5,23.03.23.,모델선택: 갤럭시S23 256GB / 색상선택: 라벤더,어머니 사드렸는데 마음에 들어하세요. 라벤더가 은은한 색이라 예쁩니다.
평점5,23.03.11.,모델선택: 갤럭시S23 512GB / 색상선택: 크림,갤럭시 중 디자인 넘 이뻐용ㅋㅋ구입할까말까 고민했는데 넘 맘에 들어요
평점5,23.03.04.,컬러(256GB): 256라벤더,배송 빠르고 너무 이쁘네요..다른 색상 품절이라 라벤더로 했눈데 예뻐요
평점5,23.09.14.,모델선택: 256GB / 색상선택: 블랙,어제 00시에 주문했는데 벌써 도착했네요잘 쓸게요 블랙 예뻐요
평점5,23.04.07.,모델선택: 256GB / 색상선택: 블랙,라이브 방송 중 구매했습니다.배송도 바로 다음날 오고 블랙 색상 깔끔하고 예쁘네요.만족합니다.
평점5,23.06.10.,컬러: 블랙,갤럭시 s23 자급제폰 좋아요. 크기도 적당해요. 작동잘됩니다.
평점5,23.10.18.,모델선택: 256GB / 색상선택: 라벤더,어머님이 너무좋아하시네요핸드폰 라이브방송때 가격 너무좋게 구매해서 기분좋습니다 사업 번창하세요❤️
평점5,23.03.08.,컬러(256GB): 256크림,이틀만에 받았구요. 크림색 깔끔하니 예뻐요 ㅎㅎ 아이폰쓰다 넘어왔는데 맘에들어요~^^ 사은품으로 주는 케이스도 임시로 당분간 쓸만할 것 같아요.
평점5,23.09.05.,색상: 크림,배송 빨리 와서 너무 좋고디자인도 색상도 마음에 들어요
평점5,23.06.07.,용량: 256GB / 색상: 라벤더,배송도 빠르고 제품도 이쁘고 좋아요! 저렴하게 잘샀어요
평점5,23.09.04.,선택: 갤럭시 S23 256GB (팬텀블랙),사이즈도 딱 좋고 배터리도 하루종일 오래가서 좋아요!
평점5,23.03.31.,컬러(256GB): 256블랙,배송이 매우 빨랐습니다저렴하게 잘 샀어요 만족해요
평점4,23.06.21.,용량: S23 512G / 색상: 라벤더,가볍고 색도 예뻐요 인터넷에서 볼땐 보라색이 진해보였는데 여리한 연보라색이에요S21에 비해 세로 크기는 조금 작네요
평점5,23.04.12.,상세페이지안내내용동의: 동의함 / 컬러: 그린,성능 디자인 최고입니다 카메라가 넘 좋아요
평점5,23.04.05.,정보없음,초등 6학년 딸이 매우 좋아해요.크기도 굿!
평점5,23.07.06.,용량: S23 512G / 색상: 크림,오래오래 이쁘게 함께하길 바라봅니다사이즈도 디자인도 너무 맘에 들어요ㅠ
평점5,23.03.09.,용량: 512GB / 색상: 팬텀블랙,처음은 LG V50S 사용자였지만 갤럭시 S23으로 넘어가길 잘한듯싶습니다! 일반 플러스 고민했는데 일반 아주 만족합니다!!오랫동안 잘 사용하겠습니다 감사합니다!
평점5,23.06.17.,용량: S23플러스 256GB / 색상: 라벤더,색도 예쁘고 첫 자급젠데 만족합니다
평점5,23.04.07.,컬러(256GB): 256크림,좋아요. 새제품 저렴하게 잘샀어요.
평점5,23.04.12.,정보없음,"색상고민했었는데 생각보다 블랙색상 이쁘네요, 가격도 싸구요"
평점5,23.06.27.,용량: S23플러스 256GB / 색상: 크림,바로 배송되서 너무 좋네요!크림색상 너무 예뻐요! 잘쓰겠습니다!
평점5,23.02.21.,제3자 정보제공 동의: 동의합니다 / 색상: 팬텀블랙 [ZKFKOO],갤럭시 S23은 디자인이 아이폰이네요.후면 카메라배열보고 알수있을정도입니다.성능이나 디자인이 너무 좋네요. 만족합니다.
평점5,23.06.02.,정보없음,배송은 빠르고 제품은 만족합니다. 사은품도 잘 받았어요. 받고 나니 가격이 더 저렴해져 아쉽네요
평점5,23.02.24.,제3자 정보제공 동의: 동의합니다 / 색상: 라벤더 [LIFKOO],라벤더 크림 고민하다 라벤더샀어요 색상 너무이뻐요 사진에 안담기네요 용량업그레이드너무 맘에들어요
평점5,23.06.06.,정보없음,처음 S23나왔을때 만족해서 추가로 다른 색상 라벤더로 추가구매하네요.좋아요.디자인 컬러 다만족하네요.
평점5,23.10.20.,용량: S23울트라 512GB / 색상: 라벤더,너무 마음에 듭니다핸드폰도 마음에 들고 포장도 종이포장 둘둘말아서 왔어요주소 잘못입력하는바람에 돌고돌아 받았지만 마음에 듭니다!
평점5,23.07.06.,선택: 갤럭시 S23 256GB (팬텀블랙),부모님 휴대전화 잘 바꿔드렸습니다! 부모님 세대는 생소한 아이폰보다 갤럭시 좋아하시네요. 가성비 좋고 작동 잘하고 생각보다 품질 퀄리티가 좋아보이네요. 감사합니다.
평점5,23.05.07.,상세페이지안내내용동의: 동의함 / 컬러: 크림,카메라 화질 너무 좋습니다ㅠㅠ 여행가기 전에 바꾸길 잘한 것 같네요. 배송도 가격도 만족합니다.
평점4,23.05.17.,컬러: 라벤더,색상 고민했는데 예뻐서 마음에 들어요^^빠른배송 감사합니다!!
평점5,23.06.21.,용량: S23플러스 256GB / 색상: 크림,합리적인 가격에 너무 잘샀어요ㅎㅎ 색도 너무이쁘고 배송도 진짜 빠릅니다!! 오늘 보내주신 충전기까지 받았어요!!
평점5,23.03.05.,선택: 갤럭시 S23 256GB (크림),배송 빠르고 좋아요! 보상판매는 안되지만 저렴하게 사서 좋아요
평점5,23.06.29.,정보없음,색상과 크기가 적당하고 고급스럽습니다.특별히 사용하던 폰보다 사진이 잘나옵니다.빠른배송 감사합니다.
평점5,23.03.11.,컬러(256GB): 256크림,너무너무 이쁘죠~~라벤더 하려고했는데 크림이 더이뻐보여 크림 찜꽁   했어요~친절한 판매자님 감사합니다~~
평점5,23.04.11.,선택: 갤럭시 S23 256GB (팬텀블랙),빠른도착 감사합니다~! 팬텀블랙 예뻐요 ㅎㅎ
평점5,23.02.25.,모델선택: 갤럭시S23 256GB / 색상선택: 라벤더,색이뿝니다.  이쁘네요. 예쁩니다
평점5,23.04.30.,선택: 갤럭시 S23 256GB (라벤더),싸게 잘 샀어요 감사합니다ㅎㅎ
평점5,23.06.16.,용량: S23 512G / 색상: 라벤더,드디어 구매했습니다.휴대폰 바꿀 때 돼서 고민 많이 했는데 할인하길래 샀어요.배송도 빠르고 색상도 마음에 듭니다. 상담도 친절하게 잘 해주셔서 감사합니다.
평점5,23.04.04.,색상: 크림,지금 보니 가격이 내려가있네요ㅠ 아쉽지만 배송도 빠르고 제품도 하자없어서 좋아요:-) 사은품도 감사합니다.
평점5,23.02.18.,제3자 정보제공 동의: 동의합니다 / 색상: 팬텀블랙 [ZKFKOO],"잘 작동해요. 판매 사이트가 없어져서 불안하지만..카드캐시백, 상품권, 사은품도 잘 진행되겠죠?;;;"
평점5,23.06.17.,용량: S23 256GB / 색상: 팬텀블랙,배송이 매우 빠릅니다.저녁 늦게 주문했는데 그 다음날 도착할줄은 몰랐네요
평점5,23.10.18.,용량: S23 256GB / 색상: 크림,아이폰14프로 쓰다가 업무상 갤럭시23 구매하였는데 카메라가 장난 없네요
평점5,23.06.20.,용량: S23 512G / 색상: 크림,"배송 빨리왓고, 큰 이상 없이 온거 같아요.핸드폰이 작아서 좋네요"
평점4,23.03.15.,컬러(256GB): 256그린,S23 색상용량이 잘못왔는데다음날 교체해주셨습니다~ 사은품도요
평점5,23.08.22.,모델선택: 256GB / 색상선택: 그린,기존 라벨이 없는건지 원래 그런건지 모르겠네요. 반품 상품인지.. 미개봉 상품 같기는 한데 귀찮아서 그냥 사용합니다.
평점5,23.03.31.,색상: 크림,휴대폰이 안전하게 올 수 있게 포장 잘해주셨어요~
평점5,23.06.17.,용량: S23 256GB / 색상: 크림,배송 아주 빠르고 폰이 예쁘면서 성능도 좋습니다
평점5,23.09.06.,색상: 크림,갤럭시23 잘니왔대서 이번에 바꿧는데 쾌적하네요
평점5,23.10.03.,모델선택: 256GB / 색상선택: 라벤더,예뽀요!!노트10쓰다가 넘어갔는데 빠르고 좋네요
평점5,23.06.07.,선택: 갤럭시 S23 256GB (그린),스마트폰을 8년정도  사용하다보니 안되는 어플이 많아 구매하게 되었습니다. 확실히 최신폰이다 보니 성능이 다릅니다. 크기도 딱이고 가격도 적당하고 배송도 빠르네요^^
평점5,23.02.19.,제3자 정보제공 동의: 동의합니다 / 색상: 그린 [ZGFKOO],장인어른 효도폰으로 구매빠르고 좋네요
평점5,23.08.30.,정보없음,아직 안켜봤지만 빠른배송 감사합니닿
평점5,23.11.11.,정보없음,좋은가격 제조연월23년11월 완전 쌔삥
평점5,23.03.11.,컬러(256GB): 256크림,어머니 폰바꿔드림 겁나 좋아하심
평점5,23.03.08.,선택: 갤럭시 S23 256GB (그린),배송도 잘오고 핸드폰도 좋네요.
평점5,23.04.12.,선택: 갤럭시 S23 256GB (크림),빠른배송 꼼꼼한 포장 감사해요
평점5,23.07.30.,색상선택: 라벤더,배송빠르고 포상상태 굿입니다
평점5,23.03.18.,컬러(256GB): 256크림,잘받았습니다.  잘사용할께요
평점5,23.02.15.,제3자 정보제공 동의: 동의합니다 / 색상: 크림 [ZEFKOO],빠른 배송으로 잘 받았습니다
평점5,23.03.13.,선택: 갤럭시 S23 256GB (크림),생긱했던대로 좋았습니다.
평점5,23.07.19.,색상선택: 블랙,배송 포장 모두 굿입니다
평점5,23.02.14.,제3자 정보제공 동의: 동의합니다 / 색상: 라벤더 [LIFKOO],"라이브 방송으로 할아버지 할머니 효도폰으로 구매했는데 혜택도 잘 받았고, 배송 상태도 안전하게 잘 수령했습니다~!"
평점4,23.06.25.,용량: S23 256GB / 색상: 팬텀블랙,진짜..뽁뽁이 해주는게 뭐가 어렵다고 좀 너무하긴하네요ㅠㅠ 배송은 빨랐어요
평점5,23.10.06.,용량: S23플러스 512GB / 색상: 크림,자급제는 처음구입했는데배송도 빠르고 고등학생 조카 선물로 구입했는데용량.색상 더 만족하네요
평점5,23.04.08.,컬러(256GB): 256블랙,배송이 엄청 빨랐어요공홈보다 빠르게 제품을 받을 수 있어서 좋았고문제없이 잘 배송되었습니다!
평점5,23.03.03.,정보없음,구매하고싶은제품 가격 좋게 잘 구매했어요 
평점5,23.06.26.,용량: S23울트라 512GB / 색상: 팬텀블랙,감사합니다 교환절차도 친절하셨고 모든면에 만족합니다 감사합니다~!
평점5,23.10.18.,모델선택: 256GB / 색상선택: 그린,배송은 뭐 엄청빠르구요ㅎㅎ 혜택 좋을 때  구매했어요~^^
평점5,23.09.14.,용량: S23울트라 512GB / 색상: 그린,12일 밤에 결제했는데 13일 오전에 배송됐어요 총알배송입니다~ 23년 1월 생산 제품으로 왔고 이상 없어요😀
평점5,23.06.21.,용량: S23 256GB / 색상: 팬텀블랙,좋은 가격에 빠른 배송!충전기 사은품까지👍🏻
평점5,23.04.10.,색상: 크림,배송도 빠르고 상품 안전하게 잘도착했어요ㅎㅎ 핸드폰도 예쁘고 사은품도 잘받았습니다!!
평점5,23.06.19.,용량: S23 256GB / 색상: 그린,주문하고 바로 다음날 도착했어요. 사은품 충전기는 그다음날 따로 왔어요.
평점5,23.04.15.,정보없음,당일배송 받을 수 있어 정말 좋았습니다~ 같이 주신 케이스도 마음에 들어요! 크림색 예쁘고 마음에 듭니다. 볼륨키랑 전원키가 같은 쪽에 있는게 적응이 안되지만 차차 적응되겠죠! 
평점5,23.06.21.,용량: S23 256GB / 색상: 그린,좋습니다 잘쓰고있습니다
평점5,23.07.06.,상세페이지안내내용동의: 동의함 / 컬러: 그린,실물은 그린이 깡패네요 색 존예.. 아이폰 갬성 남...상품명 잡화로 써주시는 센스랑 포장 꼼꼼해서 좋았습니다. 비 와서 걱정했는데 상자 모서리만 살짝 젖고 안에는 비닐뽁뽁이랑 종이완충재로 둘둘 말려있어서 멀쩡했어요~!
평점5,23.02.25.,정보없음,노트20에서 S23으로 바꿧는데 화면넘김이 부드럽고 전체적으로 빨라서 좋네요. 핸드폰 사이즈는 성인남성 기준 한손에 들어와서 편하고 바지뒤에 튀어나오지 않고 수납이 잘 됩니다. 
평점5,23.05.12.,정보없음,저는 사전예약으로 샀지만 부모님은 일반구매여서 좀 아쉬웠지만 제품이 워낙 잘나오고 카드사 청구할인 적용이 되어 아주 마음에 듭니다^^자급제폰은 하이마트가 짱이네요^^
평점5,23.06.17.,용량: S23 256GB / 색상: 라벤더,"조금이라도 저렴하게 구매해서 좋네요! 울트라는 너무 크다고 하셔서 S23으로 구매했어요, 라벤더가 이미지보다 실물 색상이 더 환하고 예쁩니다. 익일 출고된 충전기도 잘 받았습니다."
평점5,23.09.25.,모델선택: 256GB / 색상선택: 그린,아빠 휴대폰 울트라는 무겁다해서 이걸로 했는데 화면 작은걸 좀 답답해하시네요 아쉽...그래도 가볍고 색감 예뻐요! 어두운데서 보면 블랙같아요
평점5,23.05.10.,상세페이지안내내용동의: 동의함 / 컬러: 그린,휴대폰 바꾸려고 알아보다가 공식사이트보다 좀 더 저렴해서 구매했어요! 그린 색상 넘 고급져요. 사은품으로 투명젤리케이스랑 액정필름 주셔서 잘 사용중입니다!
평점5,23.06.01.,정보없음,"여태 써본 갤럭시중 최고인게 당연한거지만만족감이 생각했던것보다 큽니다. 주변에 추천해도 좋을만큼 디자인, 성능 나무랄게 없네요. "
평점5,23.10.21.,색상: 팬텀 블랙,"네이버 내일 도착 보장 상품이라좋았고, 라이브 방송 혜택 으로 더 좋은 혜택으로 구매할수 있었어요함께 첨부한 사진은 받자마자 찍은사진입니다카메라도 좋고 작동도 잘되네요만족 스럽습니다"
평점5,23.04.05.,정보없음,하루만에 바로도착~~!!s22울트라 쓰다가 너무커서 갈아탔는데너무 예쁘고 아담합니다 정신없이 뜯어서 교체하느라 사진을 못찍었네요 ㅋ 번창하세요~
평점4,23.06.23.,용량: S23울트라 512GB / 색상: 라벤더,휴대폰은 와이프가 맘에 들어합니다. 다만 쿠폰 오류 적용 같은데 3만원 정도 비싸게 결제 된것은 답변만 애매하고 아쉽네요
평점5,23.03.13.,선택: 갤럭시 S23 256GB (그린),고민의 연속이었는데 좋은 선택이었던 것 같네요. 속도며 카메라며...후아~~^^ S21 분실 후 1년 넘게 인고의 시간을 보냈는데 23은 오래오래 함께 하길 바래봅니다^^ 번창하세요~
평점5,23.06.16.,용량: S23 256GB / 색상: 라벤더,남편 핸드폰 바꿔줬어요~ 사전예약때 못사서 그 이후로 가격이 안좋아서 못샀는데 포인트로 할인을 많이 해주ㅓ서 샀네여 저렴하게샀어요!
평점5,23.06.29.,용량: S23울트라 512GB / 색상: 그린,한달 고민하다가 라이브 방송 보고 구매했어요 도착보장으로 다음날 바로 받았어요^^ 혜택도 많고 잘쓰겠습니다. 충전기는 언제 주시나요?
평점5,23.03.28.,컬러(256GB): 256크림,괜찮아요 기존에 쓰던 갤럭시 폰보다는 작지만 손에 한번에 들어와서 만족합니다. 사진 화질을 기대하긴했는데.. 만족합니당ㅎ.ㅎ   필름도 주시고 배송도 빠르게왔어요 !
평점5,23.06.20.,용량: S23플러스 256GB / 색상: 크림,정말 하루만에 배송왔네요너무 오랜만에 폰을 바꿔 정신은 없지만 최신폰 바꾸게 되어 기분 좋아요 싸게 사서 더 좋구요오래 쓰고 또 여기서 바꾸려구요친구에게도 소개할 생각이네요
평점4,23.04.16.,컬러(256GB): 256라벤더,생각보다 사이즈가 작네요. 화면이 작아서 우려가 되었으나 금방 적응. 작으니까 한손에들고 쓰기에 좋습니다.
평점5,23.08.26.,모델선택: 512GB / 색상선택: 크림,갑자기 폰액정이 나가서라이브일정이랑 딱 맞아서주문했네요자급제는첨이지만ㅎㅎ비싼요금제내고 싶지않아서구입했어요크림색이쁘네용ㅎ
평점5,23.04.19.,정보없음,자급제폰으로 하이마트에서 2번째 구매네요 배송도 빠르고 가격도 저렴하게 사서 만족합니다 잘 사용하겠습니다디자인도 너무 깔끔하니 이쁩니다.
평점5,23.04.07.,컬러: 블랙,좋은 상품 을 저렴 하게 구입 해서 잘 쓰고있네요~  빠른 배송도 너무 만족하고~~  이곳 한강shop에 서  구입 하길 정말 잘 한것같습니다~***
평점5,23.03.24.,컬러(256GB): 256블랙,배송 빠르고 가격 좋아요.필름지가 너무 얇긴 한데 들뜸없이 잘 붙네요.만족입니다.
평점5,23.04.02.,컬러(256GB): 256그린,갤20 쓰다가 액정 깨져서 샀는데 너무 좋네요 디자인하며 컬러까지 맘에 쏙 듭니다
평점5,23.03.15.,모델선택: 갤럭시S23 256GB / 색상선택: 크림,"기존에 노트를 써서 좀 작은 폰으로 바꾸고 싶었는데 무게, 크기 다 맘에 듭니다."
평점5,23.02.25.,제3자 정보제공 동의: 동의합니다 / 색상: 크림 2/28 순차출고 [ZEFKOO],아이폰 오래 쓰다가 처음으로 갤럭시로 바꿨는데 예쁘고 맘에 들어요!! 잘쓸께요
평점5,23.07.24.,용량: S23울트라 256GB / 색상: 그린,아버지 생신 선물로 드렸는데엄청 만족하고 사용 중이세요~어머니도 욕심 내시는데다음에 또 구매할게요ㅋ
평점5,23.03.24.,컬러(256GB): 256크림,배송 빠르고 좋아요 이번 디자인 참 잘나온것같아요 액정필름 구린건 모르겠고 강화유리필름만 붙이다 이런거 붙이려하니 붙이기 너무 어렵네요 한개 버리고 한개 성공함
평점5,23.03.17.,용량: 256GB / 색상: 팬텀블랙,s20 사용하다가 자급제폰 라이브 때 구매해서 기기변경하니 좋습니다. 여러 모델 중 고민 많았는데 만족합니다. 또 구매할게요.
평점5,23.09.25.,모델선택: 256GB / 색상선택: 크림,기본 256기가 크림 주문했는데넘 만족해요ㅎㅎ색상도 이쁘고 잘쓰고있어요!
평점5,23.04.27.,색상;그린{ZGEKOO}[1개],배송이 빠르고 상품이 좋아요. 그린 샀는데 색이 예쁘고 사진이 잘 찍혀요.
평점5,23.05.18.,정보없음,좋아요 배송도 빨리오고 제품도 고급스럽네요 비싸서 문제지 맘에들어요
평점5,23.03.18.,컬러(256GB): 256크림,크림색 이뻐요^^주문하고 하루만에 받았어요 배송 굿굿^^뽁뽁이 쌓여왔는데 제거하고 찍은 사진이에요~
평점5,23.05.06.,모델선택: 256GB / 색상선택: 크림,이번 디자인 너무 예뻐서 케이스 끼우고 다니기 아까울 정돕니다~ 크림색도 너무 마음에 들고 짱이에요!
평점5,23.02.15.,제3자 정보제공 동의: 동의합니다 / 색상: 라벤더 [LIFKOO],디자인도 이쁘고 확실히 빠르네요배터리 성능도 좋고 만족스럽습니다
평점5,23.04.14.,선택: 갤럭시 S23 256GB (크림),와이프 선물입니다. 너무 좋아하네요 크림색 초이스는 잘한것 같아요
평점5,23.04.29.,색상: 그린,이쁘네요 너무만족합니다사은품이 있음 더좋을텐데라는 아쉬움이...
평점5,23.05.15.,정보없음,오랜만에 신형으로 교체했더니 너무 좋네요 색상도 맘애들고 좋아요
평점5,23.02.15.,제3자 정보제공 동의: 동의합니다 / 색상: 라벤더 [LIFKOO],너무 예뻐요노트쓰다가 바꿔서  불편한점이 있지만 평면화면 좋아요
평점4,23.09.16.,용량: S23플러스 256GB / 색상: 크림,주문하고 다음날 바로 받았어요.진짜 빠르네요. 크림색 너무 이뻐요
평점5,23.10.25.,색상: 라벤더,부모님 폰 바꿔드릴려고 샀는데사이즈도 적당하고 색도 맘에드네요
평점5,23.07.10.,모델선택: 256GB / 색상선택: 라벤더,충전기도 주고 포인트도 많이 줘서 잘 구매했어요색이 너무 예뻐요
평점5,23.06.06.,컬러: 블랙,배송빠르고  포장상태  좋아요 저렴하게 구매했고 성능도좋으네요
평점5,23.07.02.,색상: 크림,싸게 잘 산것 같아요. 선물해 줬는데 성능도 좋고 사진도 잘나와요
평점5,23.09.04.,색상: 크림,아이폰 쓰다가 갤럭시로 넘어가는데 s23 넘사네요 너무 이뻐요~ 배송도빠르고 너무 만족합니다-!!
평점5,23.02.15.,제3자 정보제공 동의: 동의합니다 / 색상: 크림 [ZEFKOO],넘넘 예쁘네요ㅠㅠ 계속 갤쓰 유저인데 역대급으로 예뻐요 굿!!!!
평점5,23.03.14.,컬러(256GB): 256크림,배송이 빨라서 바로 받을 수 있어서 좋았어요. 크림색 예쁩니다.
평점5,23.04.04.,컬러(256GB): 256그린,"상품 너무 잘받았어요~ 챙겨주신 케이스, 필름도 잘쓰겠습니다:)"
평점5,23.07.29.,용량: S23 256GB / 색상: 라벤더,어머니 폰 느려서 바꿔드렸는데 너무 좋아하시네요 만족합니다
평점5,23.03.10.,선택: 갤럭시 S23 256GB (크림),"생각했던것보다 더 존예.... S23, S23+ 중에 고민했지만 차이점 별로 없는 S23 기본 선택! 나름 저렴한 가격에 잘 산것같네요~ 흠 없는 기기로 잘 보내주셔서 감사합니다!"
평점5,23.06.28.,용량: S23울트라 256GB / 색상: 라벤더,빠르게 잘 받았습니다!역시 라벤더가 제일 예쁜 것 같아요ㅎㅎ
평점5,23.04.01.,컬러(256GB): 256그린,깔끔하고 좋습니다. 폰 속도도 월등히 높아졌네요. 잘 쓸게요.
평점5,23.04.03.,색상: 팬텀 블랙,배송도 빠르고 너무 조아여!!!!가격도 저렴하게 잘산것같아요
평점5,23.06.29.,용량: S23울트라 512GB / 색상: 크림,갤럭시 s23 울트라 너무 좋네요!! 진작 사길 잘했습니당 ㅎㅎ
평점5,23.03.15.,선택: 갤럭시 S23 256GB (팬텀블랙),사용할수록 마음에 드네요^^ 같이보내주신 케이스도 좋아요
평점5,23.06.20.,용량: S23플러스 256GB / 색상: 크림,크림색 깔끔하고 예쁘네요!배터리는 듣던대로 깡패입니다.
평점5,23.04.22.,선택: 갤럭시 S23 256GB (크림),배송도 정말 빠르구 기계도 너무 맘에들어요!같이주신 케이스 및 필름도 있어서 너무 좋습니다
평점5,23.08.29.,모델선택: 256GB / 색상선택: 라벤더,배송도 하루만에 왔고 충전기도 잘 왔어요! 보라색 이뻐요
평점5,23.07.04.,모델선택: 256GB / 색상선택: 크림,빠르고 좋아요 손이 작아서 큰거랑 고민했는데 오히려 손에 착 들어와서 기본이 좋은 것 같아요
평점5,23.03.07.,컬러(256GB): 256크림,아내에게  처음  새폰을 사줬습니다.아내가 처음에는  쓰던폰이  좋다고 자존심을 부리다가 30분후 자기가 유심을 바꾸고 있더군요 ㅎㅎ실물이 훨 이쁘고 가격 또한 타 판매 업체보다  좋아 구매 하였습니다.많이 파세요~^^
평점5,23.04.19.,정보없음,할인받아서 선물용으로 잘샀어요. 색상도 마음애 드네여.
평점5,23.10.08.,정보없음,너무 좋아요. 카메라 기능도 좋고 여러모로 맘에 드네요.
평점4,23.04.26.,용량: 256GB / 색상: 팬텀블랙,제품 좋아요.가격 좋고 구매후 바로 통화후 픽업했어요.
평점5,23.07.06.,색상: 크림,배송 빠릅니다! 그리고 크림색 너무 이뻐요.. 꼭 사세요!
평점5,23.05.25.,컬러: 크림,6년쓴 핸폰 바꿨어요~ 좋아요. 사은품으로 주신 투명케이스가 너무 좋아요. 모서리 범퍼도 올라와있고..굿입니다
평점5,23.09.30.,용량: S23 256GB / 색상: 팬텀블랙,진짜...23 살까말까 3개월고민했었어요추석전에 결국 라방보구 구매했습니다 배송빠르구요블랙 실물보니 고급스러워요  아내가 크림인데 견주어도 이쁩니다ㅎㅎ
평점5,23.04.20.,선택: 갤럭시 S23 256GB (크림),크림색상 이쁘네요정품케이스도 쓸만하고 맘에듭니다
평점5,23.07.08.,정보없음,생각보다 작긴 하지만 그립감도 좋고 색상도 이쁘네요
평점5,23.03.14.,컬러(256GB): 256라벤더,배송 완전 빠르고 좋아요. 라벤더 색상 너무 이뻐요.^^
평점5,23.07.23.,색상선택: 크림,좋아요 아이들 폰으로 보급형 사주려다 카메라때문에 좋은거 해줬는데 넘 좋아하네요 배송 확실하고 물건 확실
평점5,23.03.09.,선택: 갤럭시 S23 256GB (라벤더),"보라, 밤에 주문하고 다음날에 바로발송빨리 받았어요!  화면보다 더 밝은 연보라 입니다.넘 이쁘네요 ^^ 빠른배송 좋은상품 감사합니다.구매후 2500원정도 저렴해진것은 무엇,,(?)"
평점5,23.02.28.,제3자 정보제공 동의: 동의합니다 / 색상: 크림 [ZEFKOO],크림색상 아주 깨끗하고 깔끔합니다 가법고 좋아요!
평점5,23.04.29.,정보없음,배송도 빠르고 무엇보다 컴퓨존에서의 구매라 걱정없이 구매하였습니다. 너무 좋아요.
평점5,23.03.15.,컬러(256GB): 256라벤더,예뻐요! 케이스랑 필름 2개나 넣어주셔서 좋았어요!
평점5,23.06.29.,용량: S23 256GB / 색상: 팬텀블랙,아빠 핸드폰 바꿔드리려고 하나 샀어요.생각보다 좋아하시는 모습에 진작 바꿔드릴껄 이라는 생각이드네요 잘쓰겠습니다
평점5,23.09.17.,색상선택: 팬텀블랙,작동 잘 되고 금방 왔어요 케이스도 감사합니다
평점5,23.05.06.,정보없음,핸드폰 예뻐요. 저렴한 가격에 잘구매했습니다.
평점5,23.04.09.,선택: 갤럭시 S23 256GB (크림),저렴하게 잘 구입했습니다 작동도 잘되네요!!!
평점5,23.08.27.,용량: S23울트라 256GB / 색상: 라벤더,좋아요확실히 새 폰 좋네요.다 마음에 듭니다.
평점5,23.10.11.,정보없음,빠른배송 합리적인 가격 좋은제품 최고에요!!
평점5,23.07.04.,선택: 갤럭시 S23 256GB (라벤더),새상품 잘받았습니다아주 저렴하게 잘 샀습니다바이올렛 구매하고싶었는데 여기에 있어서 바로 했어요 감사합니다~^^
평점5,23.09.10.,모델선택: 256GB / 색상선택: 그린,색도 이쁘고 크기도 적당합니다!! 만족해요!!
평점5,23.05.25.,상세페이지안내내용동의: 동의함 / 컬러: 크림,배송도 빠르고 상품도 좋네요 잘쓰겠습니다
평점5,23.07.31.,용량: S23 256GB / 색상: 라벤더,좋은가격에 구매해서 잘 샀어요막상 필요할때 이런가격에 사기 힘든데 행사가 너무 굿타이밍이었네요
평점5,23.10.19.,모델선택: 512GB / 색상선택: 블랙,배송도 빠르고 저렴하게 사서 너무 좋아요!
평점5,23.05.02.,모델선택: 512GB / 색상선택: 크림,배송도 다음날 바로 왔고 크림색 예뻐요 :)
평점5,23.08.01.,정보없음,폰 새로 바꿨는데 색깔 깔끔하고 이쁩니다
평점5,23.10.21.,용량: S23 512G / 색상: 크림,라방할때 잘 구매햇어요. 너무너므 좋아요
평점5,23.02.18.,제3자 정보제공 동의: 동의합니다 / 색상: 라벤더 [LIFKOO],너무 이뻐요 엄마 선물로 짱좋아하시네요
평점5,23.04.13.,컬러(256GB): 256그린,핸폰바꾸니 너무좋네요ㅋㅋ잘쓰겠습니다
평점5,23.07.11.,선택: 갤럭시 S23 256GB (라벤더),크기도 작아서 가방에 쏙들어가니 좋아요
평점5,23.04.08.,선택: 갤럭시 S23 256GB (팬텀블랙),아들 폰이 고장나서 저렴하게 잘샀어요
평점4,23.09.13.,용량: S23 256GB / 색상: 라벤더,좋아요 배송도 빠르고 색감도 이쁘네요
평점5,23.05.31.,선택: 갤럭시 S23 256GB (크림),최고입니다!!너무 잘쓰구 있어요 ㅎㅎ
평점5,23.02.14.,제3자 정보제공 동의: 동의합니다 / 색상: 크림 [ZEFKOO],색상 실물이 더 예쁨 배송 깔끔합니다
평점5,23.02.18.,용량: 256GB / 색상: 라벤더,아주좋아요 가볍고 사진도 촬영도 굿
평점5,23.04.22.,선택: 갤럭시 S23 256GB (크림),배송 엄청 빨라요!저렴하게 잘샀어요
평점5,23.02.22.,제3자 정보제공 동의: 동의합니다 / 색상: 크림 2/28 순차출고 [ZEFKOO],디자인도 너무 예쁘고 기능도 좋아요
평점5,23.04.19.,색상: 크림(베이지),사용해보니 너무 좋아요 만족합니다
평점5,23.02.15.,제3자 정보제공 동의: 동의합니다 / 색상: 라벤더 [LIFKOO],생각만큼 이뻐요. 생각만큼 아담하고 한손에 들어와요..케이스나 보호필름 없이 며칠을 버텨야하니 그게 걱정이네요
평점5,23.04.15.,선택: 갤럭시 S23 256GB (팬텀블랙),아이가 좋아합니다타사이트보다 저렴하게 구입했습니다투명케이스도 같이 주셔서 바로 사용할수 있었습니다
평점5,23.07.25.,상세페이지안내내용동의: 동의함 / 컬러: 크림,센스있게 보내주셨어요 감사합니다
평점5,23.04.05.,정보없음,여자 평균 손인데도 한 손 조작이 쉽습니다.크림색은 화면과 같이 아주 예쁩니다.
평점5,23.04.11.,정보없음,너무 좋습니다 사이즈가 딱이네요.
평점5,23.03.10.,색상: 크림(베이지),이뻐요 s23까지 존버하길 잘했어요
평점5,23.05.13.,정보없음,크키도 적당하고 가벼워서 좋아요 그린 색상으로 골랐는데 은은하고 예뻐요
평점4,23.05.01.,정보없음,가볍고 디자인 색상 맘에 듭니다.
평점5,23.05.23.,선택: 갤럭시 S23 256GB (크림),배송 빨라서 좋아요. 맘에 들어요
평점5,23.10.25.,용량: S23울트라 256GB / 색상: 크림,크림색상도 마음에 듭니다예뻐요
평점5,23.04.06.,컬러(256GB): 256크림,서비스 까지 감사하죠 잘 쓸게요!
평점5,23.03.27.,용량: 256GB / 색상: 라벤더,디자인이 좋아졌네요만족합니다~
평점5,23.07.14.,선택: 갤럭시 S23 256GB (크림),저렴하게 잘 샀어요 많이 파세요
평점5,23.04.11.,제3자 정보제공 동의: 동의합니다 / 색상: 팬텀블랙 [ZKFKOO],역시 최고 감사합니다 잘 쓸게요
평점5,23.04.09.,선택: 갤럭시 S23 256GB (팬텀블랙),가성비좋네요 또구매할게요ㅈㅡ
평점4,23.08.27.,모델선택: 512GB / 색상선택: 블랙,아직써보진 못했어요 핸드폰 액정이 나가서 급하게 구매했어요 배송은 하루만에왔습니다 검정으로 샀는데 이뻐요 깔끔하고 액정필름이라도 하나챙겨주심 좋았을텐데 ㅠㅠ
평점5,23.05.23.,용량: 256GB / 색상: 팬텀블랙,좋아요 다음에 또 구입할게요~!
평점5,23.04.17.,선택: 갤럭시 S23 256GB (크림),너무 잘 쓰고 있습니다 조아요
평점5,23.10.11.,모델선택: 256GB / 색상선택: 블랙,너무'좋아요 싸게잘삿어요
평점5,23.05.28.,정보없음,워낙 광고가 많으니 설명이 필요없는제품입니다. 빠른배송 만족합니다.
평점5,23.03.12.,선택: 갤럭시 S23 256GB (크림),아들 선물로 삿는데 엄청좋아합니다~ 색깔도 깔끔하니 이쁘고 필름이랑 케이스도 감사합니다~~
평점5,23.09.24.,모델선택: 256GB / 색상선택: 라벤더,말이 필요없네요 최고입니다
평점5,23.09.11.,모델선택: 256GB / 색상선택: 그린,컬러가 좋네요. 맘에 들어요
평점5,23.02.23.,제3자 정보제공 동의: 동의합니다 / 색상: 크림 2/28 순차출고 [ZEFKOO],크림색이 아이폰같이이뻐요
평점5,23.07.31.,용량: S23 256GB / 색상: 크림,아주 좋아요 마음에 들어요
평점5,23.03.24.,정보없음,너무 만족합니다 최고에요
평점5,23.03.24.,모델선택: 갤럭시S23 256GB / 색상선택: 크림,크림이 역시 가장이쁘네요
평점5,23.05.26.,선택: 갤럭시 S23 256GB (크림),엄청 만족합니다 잘쓸게요
평점5,23.03.08.,선택: 갤럭시 S23 256GB (크림),배송 빠르고 크림 이뻐요
평점5,23.03.27.,용량: 256GB / 색상: 라벤더,좋아요 강추 입니다 최고
평점5,23.02.16.,제3자 정보제공 동의: 동의합니다 / 색상: 그린 [ZGFKOO],배송 빨고 디자인 좋아요
평점5,23.03.05.,컬러(256GB): 256라벤더,너무 이쁘고 만족합니다
평점5,23.03.11.,컬러(256GB): 256크림,만족합니다 번창하세요
평점5,23.05.27.,컬러: 블랙,좋아요 잘 쓸게요 ㅎㅎ
평점5,23.05.01.,모델선택: 256GB / 색상선택: 블랙,좋아요 마음에 들어요
평점5,23.04.17.,컬러(256GB): 256라벤더,사이즈도 좋고 이뻐요
평점5,23.08.09.,정보없음,좋아요 감사합니다 ㅎ
평점5,23.10.20.,모델선택: 256GB / 색상선택: 라벤더,디자인 성능 빠지지않습니다와이프가 만족해요라벤데 이쁩니다
평점5,23.03.07.,선택: 갤럭시 S23 256GB (팬텀블랙),좋아요 잘쓰겠습니다
평점5,23.07.25.,용량: S23 512G / 색상: 크림,"아주 만족하면서 사용하고 있습니다.앱 반응 속도도 엄청 빠르고요.디자인도 깔끔하고, 카메라도 만족합니다."
평점5,23.06.16.,컬러(256GB): 256크림,만족합니다. 좋아요.
평점5,23.04.04.,컬러(256GB): 256크림,저렴하게 잘 샀어요.
평점5,23.06.30.,용량: S23울트라 256GB / 색상: 그린,"배송 빠르고, 상품 좋네요~~라이브 구매로 조금 더 저렴하게 구매했어요~"
평점5,23.02.18.,제3자 정보제공 동의: 동의합니다 / 색상: 크림 2/28 순차출고 [ZEFKOO],크림색 너무 이뻐요
평점5,23.07.03.,용량: S23 256GB / 색상: 크림,크림색이 이쁘네요.
평점5,23.03.17.,모델선택: 갤럭시S23 256GB / 색상선택: 팬텀블랙,초음파지문 첨써보는데 신기해요 폰도 예쁘고 너무 좋아여 ㅎㅎㅎ
평점5,23.11.11.,용량: S23 256GB / 색상: 라벤더,좋아요 예뻐요~~~
평점5,23.04.02.,컬러(256GB): 256블랙,해외에 사는 사촌동생이 한국와서 급하게 선물로 주느라 사진을 못찍었네요  빠른배송으로  다행히 줄수 있었습니다! 감사합니다!
평점5,23.05.25.,정보없음,배송 안전하게 잘 받아보았습니다. 제품도 이상없고 좋습니다. 좋은 조건에 잘 구입했다고 생각합니다.잘 쓰겠습니다.  번창하세요
평점5,23.06.30.,용량: S23 256GB / 색상: 크림,배송도 빠르고 좋습니다. 색상 고민 많이 했는데 크림색 깔끔하고 예쁩니다. 사은품 충전기는 따로 오는지 아직 도착 안했네요.
평점5,23.10.20.,색상: 그린,폴드4에서 S23으로 갈아탔는데 가볍고 좋네요. 다만 23년 3월 제조품은 아쉽네요
평점5,23.03.19.,모델선택: 갤럭시S23 256GB / 색상선택: 팬텀블랙,배송이 생각보다 오래걸려 기다리던 초등학생 아들 목빠질뻔했네요 ㅎㅎ 그래도 너무 좋아합니다.
평점5,23.09.18.,용량: S23플러스 256GB / 색상: 팬텀블랙,아이가 많이 좋아하네요잘 사용하겠습니다.감사합니다.
평점5,23.03.21.,컬러(256GB): 256크림,뽁뽁이로 돌돌돌 안전하게 잘 받았습니다크림 이쁘네요^^
평점5,23.09.07.,모델선택: 256GB / 색상선택: 라벤더,배송 진짜 빨라요ㅎㅎ 크림 사고싶었는데 품절이라 라벤더한건데 색이 이뻐서 만족합니다!!
평점5,23.03.02.,컬러(256GB): 256크림,자급제는언제사도가격차이가많이없어서ㅋㅋ사버렸어요 판매자님친절하고 품질좋습니다
평점5,23.08.18.,용량: S23울트라 512GB / 색상: 크림,배송이 무척 빨라서 좋았습니다제조일도 5월달꺼라서 나름 나쁘지는 않네요잘 쓰겠습니다
평점5,23.04.25.,선택: 갤럭시 S23 256GB (크림),싸게 잘 구매했어요.금요일저녁에 구매했는데 화요일오늘 오전에 받았어요. 바로산거라 케이스도 보호필름도 없는데 같이 받아서 좋았어요♡
평점5,23.10.16.,용량: S23 256GB / 색상: 크림,좋은 제품을 저렴하게 구입하였습니다. 만족합니다.
평점5,23.10.26.,용량: S23 256GB / 색상: 라벤더,혜택 잘 받아서 저렴하게 구매했어요 택배기사가 택배 문앞에 던지듯이 내려놔서 걱정했는데 이상없는것 같아요
평점5,23.06.27.,용량: S23 256GB / 색상: 크림,디자인이 아주 미려합니다. 성능도 기대가됩니다.
평점5,23.04.13.,상세페이지안내내용동의: 동의함 / 컬러: 크림,젤리케이스랑필름주셔서 좋네요~배송도 바로 담날와서 종았구요..감사합니다~
평점5,23.04.23.,선택: 갤럭시 S23 256GB (라벤더),어머니 폰 바꿔 드렸는데 너무 만족 하시네요 :-)빠른 배송 감사합니다 !
평점5,23.03.30.,컬러(256GB): 256블랙,"주문후 빨리 도착했고,판매자분 답변도 빨라서 좋아요~잘쓸께요!ㅎㅎ"
평점5,23.06.08.,모델선택: 512GB / 색상선택: 크림,배송도 빠르고 n라이브때이용해서 만족합니다 사은품도 좋고
평점5,23.03.11.,컬러(256GB): 256크림,넘 좋아여 배송도 빠르고 케이스도 만족스럽네여 감사합니다
평점5,23.10.20.,모델선택: 256GB / 색상선택: 크림,넘 이쁘네요~~크림색이라 딸도 좋아하네요~^^
평점5,23.09.15.,정보없음,가볍고 좋네요. 와이프가 많이 좋아하네요^^
평점5,23.07.02.,용량: S23울트라 512GB / 색상: 크림,잘받았읍니다 감샇바니다 크림예뻐요
평점3,23.07.07.,정보없음,원하는 디자인 원하는 색입니다추전해주고싶어요만족합니다가벼워요
평점5,23.03.11.,선택: 갤럭시 S23 256GB (크림),"배송도 하루만에 왔고, 미개봉 씰도 확실해서 믿음이 가네요:)덕분에 좋은 선물 할 수 있었어요! 감사합니다:)0"
평점5,23.10.24.,모델선택: 256GB / 색상선택: 크림,저렴히 잘 샀습니다~ 배송도 빠르도 포장상태도 좋아요
평점5,23.09.20.,용량: S23플러스 256GB / 색상: 크림,처음으로 자급제 구매했는데 좋네요ㅎㅎ마침 행사하고 있어서 저렴하게 구매했고원했던 크림색상이 있어서 얼른 겟 했습니다~배송도 빠름빠름 넘 맘에 듭니다👍
평점4,23.04.08.,컬러(256GB): 256크림,배송 빠르게 해주셔서 감사합니다 혜택도 좋고 갖고싶엇던 s23이라 너무 조아요 통화품질 깨끗하고 속도도 빠르네요 카키색상이 품절이라 아쉬워요
평점5,23.04.22.,선택: 갤럭시 S23 256GB (크림),잘받았습니다마음에 듭니다 이뻐요
평점5,23.04.22.,선택: 갤럭시 S23 256GB (크림),정상작동 잘됩니다. 배송엄청빠르네요 잘쓸께요~
평점5,23.09.16.,용량: S23 256GB / 색상: 팬텀블랙,선물했는데 좋아하셨어요빠른 배송감사합니다.
평점5,23.03.10.,선택: 갤럭시 S23 256GB (크림),만족합니다 잘 받았어요맘에 들어요
평점5,23.03.11.,선택: 갤럭시 S23 256GB (팬텀블랙),정말 빨리 배송되네오 감사합니다 잘쓸게요!!
평점5,23.03.14.,컬러(256GB): 256라벤더,주문하고 다음날 받았습니다.배송도 빠르고 함께주신 폰케이스와 필름도 만족합니다!상품도 잘 쓰고있어요 감사합니다!
평점5,23.10.16.,용량: S23 256GB / 색상: 크림,배송빨리오고 상품조아요 만족합니다 ㅎㅎ
평점5,23.05.24.,상세페이지안내내용동의: 동의함 / 컬러: 크림,빠른 배송 감사합니다 저렴하게 잘 샀네요
평점5,23.07.06.,선택: 갤럭시 S23 256GB (크림),작고 이뻐요 배송도 빠르고 좋아요 ㅎㅎ
평점5,23.05.22.,컬러: 크림,디자인부터 성능까지 정말 최고입니다 배송도 빨랐고 휴대폰 포장도 깔끔했습니다 감사합니다~*^^*
평점5,23.08.06.,색상: 그린,좋아요.아들이.너무좋아하네요
평점5,23.04.04.,컬러(256GB): 256크림,빠른배송 감사합니다. 잘쓸게요
평점5,23.03.19.,상세페이지안내내용동의: 동의함 / 색상: 그린,배송이 정말 빠릅니다. 포장도 꼼꼼하게 해서 보내주셨네요. 감사합니다.
평점5,23.10.14.,모델선택: 256GB / 색상선택: 라벤더,크림색 사려다가 라벤더색 샀는데 너무 잘산거같아요 라벤더색상 너무예쁘네요
평점5,23.04.12.,정보없음,빠른배송 감사합니다! 한손에 잡기 편하고 이쁜 디자인~ 마음에 듭니다
평점5,23.10.06.,용량: S23 256GB / 색상: 크림,배송도 빠르고 잘 도착했습니다-잘 쓸게요 감사합니다
평점5,23.06.17.,용량: S23 256GB / 색상: 그린,배송도 빠르고 사은품도 잘 왔습니다 좋은 가격에 구매해서 만족스럽습니다
평점5,23.10.18.,모델선택: 256GB / 색상선택: 크림,빠른 배송 감사합니다. 너무 좋네요. ㅎㅎ
평점5,23.03.19.,모델선택: 갤럭시S23 256GB / 색상선택: 크림,너무 이뻐요~~~~배송은 지방이라 이틀만에 왔구요라벤더랑 크림 끝까지 고민하다가 결국 크림으로 골랐는데 후회 없어요ㅎㅎㅎ ㅎㅎ 넘 좋아여
평점5,23.08.08.,색상: 라벤더,아이가 맘에들어합니다 감사합니다
평점5,23.02.14.,제3자 정보제공 동의: 동의합니다 / 색상: 크림 [ZEFKOO],디자인 최고☺️🫶🫶🫶 성능최고 ㅠ 배송도 넘 빠르고요. 기다린 보람이 있어요. 안전배송 감사해요.**삼성전자이벤트 참여**
평점5,23.05.11.,색상;그린{ZGEKOO}[1개],주말인데도 배송을 해주셔서 감사합니다지마켓 짱입니다^^
평점5,23.04.11.,컬러(256GB): 256라벤더,빠른배송 감사합니다. 사은품 액정필름+젤리케이스도 슬림해서 너무 좋네요 ㅎㅎㅎ
평점5,23.02.15.,제3자 정보제공 동의: 동의합니다 / 색상: 크림 2/28 순차출고 [ZEFKOO],빠른 배송 감사합니다. 사전구매로 일반구매보다 저렴하게 구매했습니다!
평점4,23.07.13.,색상: 크림,빠른배송좋아요 제품도 좋아요
평점5,23.08.16.,모델선택: 256GB / 색상선택: 크림,배송이 빨라서 좋았어요배송 상태도 만족이에여
평점5,23.03.07.,제3자 정보제공 동의: 동의합니다 / 색상: 크림 [ZEFKOO],좋아요 색도 예쁘고 배송도 좋아요
평점5,23.05.09.,모델선택: 512GB / 색상선택: 크림,받자마자 열어서 만져보니손에 착 감기는 그립감과 견고함이 느껴지는 고급스러움이 너무 좋아요. 잘 만들어진 것 같아요.ㅎㅎ
평점5,23.10.17.,모델선택: 256GB / 색상선택: 크림,만족합니다 감사합니다
평점5,23.04.12.,정보없음,크림보다  라벤더가 더이쁘네요 배송빠른고  좋아요 케이스는 안이쁘네요 ㅎ
평점5,23.02.27.,용량: 256GB / 색상: 그린,플립 쓰다가 s23 광고 보고 카메라 뽐뿌 와서 홀린듯 질렀어요..ㅎ 그린 색상인데 고급짐 뿜뿜하구요 무엇보다 제 작은 손에 딱 맞는 그립감과 그리웠던 가벼운 무게.. 매년 핸드폰을 바꿔왔는데 이번엔 2년은 꼭 써보려구요ㅋㅋ
평점5,23.08.18.,색상: 그린,아주 잘 사용중입니다.공시지원금 받은것과 같은 가격과 요금할인을 같이 받을수 있어서 아주 좋습니다.통신사에서 개통하면 제휴앱들이 많이 깔려있는데 공기계 사니까 필요한 앱만있고 간단하게 사용 가능하니 좋네요.
평점5,23.06.16.,용량: S23 256GB / 색상: 팬텀블랙,배송도 빠르고 아빠 폰 오래쓰셔서 사드렸는데 너무 좋아하시네요정품 충전기도 하루 뒤에 바로 받았어요이제 하나카드 결제 네이버페이 포인트만 기다립니다:)
평점4,23.07.02.,용량: S23플러스 256GB / 색상: 그린,"빠르게 받아서 잘 사용하고 있습니다.톤 다운된 그린색이 독특하고 예뻐요.다만, 남편에게 선물했더니 투명 케이스 정도는 있을 줄 알았다며 아쉬워하네요.받자마자 케이스랑 액정 필름을 챙기느라 바빴네요."
평점5,23.03.16.,용량: 256GB / 색상: 크림,자급제폰 사고싶어 검색하다 마침 라방하길래 좋은 가격에 잘 구입했습니다. 다음날 바로 받았는데 보호필름이랑 케이스 기다리다 하루 늦게 개통했습니다. 5년만에 폰 바꾸니 매우 좋아요~~~
평점5,23.03.08.,컬러(256GB): 256라벤더,배송이 아주 빨랐어요. 근데 리뷰들처럼 필름이 너무 안좋아요.. 아무리 잘 붙여도 카메라부분이 들떠요. 주문한거 오기 전까지 사용하야겟네요.
평점5,23.04.13.,정보없음,감사합니다 잘쓸게요 처음에 불량제품이 왔지만 빠르게 처리해주셔서 감사합니다 다음에 또 여기서 사겠습니다
평점5,23.06.24.,용량: S23플러스 256GB / 색상: 크림,갤럭시S20+ 쓰다가 액정이 깨져서 넘어왔습니다.우선 카메라가 엄청 좋고 사진 찍을 때 마다 렌즈를 안닦아도 돼서 편하네요. 핸드폰 자체는 S20+가 더 예쁘지만 기능이 좋으니까 만족합니다.
평점4,23.04.11.,색상: 크림,선물로 샀는데이제 놀랄만큼 좋다기보다전작에 비해 나아진 느낌카메라도 좋아졌고나름 좋은 가격에 잘 산 것 같아요잘 사용하기를
평점4,23.09.24.,모델선택: 512GB / 색상선택: 라벤더,"핸드폰 잘 사용하고 있어요출시 초기에 비해 가격 혜택이 좋지 않은 점, 달랑 충전선만 온 점, 크림색은 없었던 점은 아쉬워요"
평점5,23.04.02.,컬러(256GB): 256크림,아빠 생신선물로 사드렸는데 문의글에도 친절하고 빠르게 대응해주셔서 감사했어요!!제품은 말할것도 없이 좋네요 잘쓸게요
평점5,23.03.09.,용량: 256GB / 색상: 라벤더,존예....기존 노트10플러스 쓰다가 갈아탔는데 확실히 크기는 작게 느껴져요 그래도 밖에서 한손으로 쓰기 훨씬 좋고 새폰 짱
평점5,23.09.12.,선택: 갤럭시 S23 256GB (크림),카메라성능이 압도적입니다.오버스럽다고 생각했던 갤럭시특유의 색감도 내츄럴하게 바뀌었고 그러면서도 아이폰과비교시 아이폰은 물빠진 느낌 갤럭시는 생생한느낌 큰게싫어서 기본 s23 했는데 대만족입니다
평점5,23.04.27.,제3자 정보제공 동의: 동의합니다 / 색상: 라벤더 [LIFKOO],"디자인도, 사용감도 말해뭐해입니다. 특히 여기서 구매하면서 네이버페이 포인트 혜택받아서 참 좋았어요!! 사전구매 혜택 비교하느라 머리아팠지만 그래도 잘했다 싶습니다"
평점5,23.06.27.,용량: S23울트라 256GB / 색상: 크림,제가 사고나서 할인율 더 높여서 팔더라구용 ㅜ ㅜ 인생은 타이밍인가봅니다.. 여러분들은 싸게 사세용 폰은 아주 조아욧
평점2,23.09.13.,모델선택: 256GB / 색상선택: 라벤더,삼성위크에 구매해서 저렴하게 샀습니다하지만 뾱뾱이 하나도 없이.. 박스에 핸드폰만 넣어서 뱃송된것이 좀 그렇네요
평점5,23.04.21.,컬러: 라벤더,"핸드폰 배터리 수명 때문에 불편한게 이것저것 있었어서 바꾸게 됐는데, 좋은 상품 보내주시고 좀 더 저렴하게 살 수 있어서 만족합니다 ㅎㅎ"
평점5,23.06.28.,용량: S23 512G / 색상: 크림,폰 바꾸려고 알아보다가 구입하게 되었어요~유심만 바꿔끼고 별문제 없이 잘 되네요! 사이즈도 저에겐 딱 좋아요ㅋ
평점5,23.04.05.,컬러(256GB): 256크림,판매자님의 빠른 응대와 정확하고 신속한 배송이 인상적이었습니다. 제품은 현재 잠깐 써봤는데 마음에 드네요
평점5,23.09.30.,모델선택: 512GB / 색상선택: 크림,자급제는 처음이었고알뜰폰 업체특성상바로 개통이 안되서 당황했는데폰은 너무 좋아요밧데리도 길고 좋네요
평점5,23.06.16.,선택: 갤럭시 S23 256GB (크림),적당한 크기라서 많이 무겁지 않아 좋네요. 사은품으로 케이스랑 보호필름 보내주셔서 급하게 잘 썼습니다!
평점5,23.06.15.,용량: S23울트라 512GB / 색상: 크림,하루만에 배송왔어요포인트 많이 줬습니다조금 크고 무겁지만 그만큼 성능이 좋아서 감안하고 흡니다펜도 흐는 느낌이 굿이에요
평점5,23.04.08.,선택: 갤럭시 S23 256GB (팬텀블랙),배송 빠르고 하자없이 잘받았습니다^^저렴한 가격에 바로사용 할수있게 필름과 케이스까지 센스최고에요!
평점5,23.05.04.,선택: 갤럭시 S23 256GB (팬텀블랙),배송도 빠르고 네이버 페이혜택도 받고 자급제 깔끔하게 잘샀네요 선물용으로 샀는데 좋아하실거같아요~
평점5,23.11.05.,용량: S23 256GB / 색상: 팬텀블랙,부모님 핸드폰 바꿔드릴겸 2주가까이 검색만 엄청 하다가 이벤트 하는거 보고 기다려서 구매했습니다! 깨끗하고 작동 잘됩니다!!
평점4,23.09.14.,모델선택: 256GB / 색상선택: 그린,원래 초기세팅때 발열이 있나요..?발열 심해서 놀랬네요기본적인 투명케이스 필름 같은게 없아서 사기전따진 이전 폰써야할듯..
평점4,23.07.08.,용량: S23플러스 256GB / 색상: 크림,박스가;; 리뷰에 써잇던 그대로 상자를 그냥막 넣어서 보내셧더라구요박스는 다 찌그러지고; 그래도 잘되는거같아 다행이지요
평점5,23.07.20.,용량: S23 512G / 색상: 크림,배송도 약속대로 왔고 혜택 최대로 받아서 구매했네요 자급제폰은 위드모바일 좋네요 빙송중 구매로 상품권도 추첨으로 받고 정품 충전기까지 정말 만족합니다
평점5,23.03.29.,정보없음,s23 기본모델 적당한 크기에 사용하기 좋습니다. 저렴이 필름 한장정도 있었으면 더 좋았을것같아요 ㅜ
평점5,23.06.30.,용량: S23울트라 256GB / 색상: 팬텀블랙,부모님 핸드폰 바꿔드리려고 알아보던 참에 라방 혜택 보고 기다렸다가 구매했어요.좋은 가격에 구매할 수 있어서 좋았습니다.
평점5,23.07.24.,정보없음,배송 하루 만에 왔습니다. 선물도 같이 왔구요. 갤럭시는 홀수 시리즈가 좋다고 하던데 정말 좋아요.^^
평점5,23.07.02.,용량: S23플러스 512GB / 색상: 크림,자급제는 항상 라이브방송할때 사고있어요!!S22도 잘쓰고 있었는데 esim때문레 바꾸게 되었네요~ 배송 정말 빠르고 충전기도 있어서 좋았어요!
평점5,23.06.18.,용량: S23울트라 256GB / 색상: 크림,콘서트때 아주 잘 사용했어여 덕질용으로 최고임니다 애플만 쓰는 사람인데 울트라는 진짜 인정하는 부분입니다 그냥 사십쇼
평점5,23.02.16.,제3자 정보제공 동의: 동의합니다 / 색상: 라벤더 [LIFKOO],"배송이 빠르고 안전해요. 상품도 흠집 없이 잘 와서 좋습니다. 이번 갤23 색상, 디자인도 넘 예쁘고요!"
평점5,23.06.01.,정보없음,너무 크지 않아 좋고 가격 적당. 하이마트에서 카드 혜택. 받아서 구입하는게. 가장 좋은 선택이네요.
평점5,23.07.10.,정보없음,너무 예쁘고 가벼워요플립에서 23으로 갈아탔는데배터리/사진 면에서 갈아타길 잘 했다고 생각이 드네요디자인도 넘 예뻐서 꿇리지 않습니당
평점4,23.04.24.,모델선택: 256GB / 색상선택: 블랙,아들 폰이 고장나서 알아보던중에 콕 집어서 이거 사달라고해서 구매하게됐어요아주 만족해 합니다
평점5,23.04.30.,컬러: 크림,가볍구 예뻐요^^  매번 사양좋다고 크고무거운거위주로사용했는데 이번23시리즈는 기본형도 좋네요
평점4,23.05.18.,상세페이지안내내용동의: 동의함 / 컬러: 팬텀블랙,답변도 즉시해주시고 좋은상품  잘받았습니다  자급제 너무좋네여 아쉬운점은 보호 필름지가 먼지가 너무많아 결국 다시 구매해서 붙였어여
평점5,23.02.17.,제3자 정보제공 동의: 동의합니다 / 색상: 크림 [ZEFKOO],월욜에 배송시작해서 목요일에 받았네요. 어휴아직 폰크기가 어색하지만 디자인도 괜찮고 성능차이가 커서 만족스럽네요
평점5,23.06.15.,용량: S23플러스 256GB / 색상: 크림,어제 라이브 방송보고 구매하고 하루만에 받았어요 크림색상 너무 이쁘고 크기도 커서 좋네요!
평점4,23.02.16.,제3자 정보제공 동의: 동의합니다 / 색상: 그린 [ZGFKOO],"사전예약 구매하고 바로 다음날 배송출발 되었네요. 기기 마음에 들며, 구성품은 조촐합니다..."
평점5,23.10.17.,모델선택: 256GB / 색상선택: 크림,"물건에는 불만 없지만 포장은 개선의 여지가 있네요, 완충제가 제품과 따로 놀고 있었습니다"
평점5,23.03.08.,색상: 크림(베이지),QnA 질문에 댓글도 빨리 달아주시고 핸드폰도 안전하게 잘 왔습니다 다음에도 또 이용할게요
평점4,23.03.25.,모델선택: 갤럭시S23 256GB / 색상선택: 그린,S23 포장 잘 되어서 왔고 그린색상 깔끔하고 좋아요. 보호필름 추가 사은품이 없어 아쉬워요.
평점5,23.03.13.,컬러(256GB): 256크림,이뻐요 근데 미개봉에 색 바꾸려고 했더니 반품비가 착불에 2만원이라고해서 그냥 쓰네요
평점5,23.11.13.,용량: S23 256GB / 색상: 팬텀블랙,라방 때 맞춰서 나름 다른 데보다 저렴하게 산 거 같아요. 간만에 좋은 폰 샀어요 :) 사진도 이렇게 또렷하게 잘 찍힙니다!!!
평점5,23.07.23.,색상선택: 라벤더,배송 잘받았어요다른곳보다 10만원가량 저렴한데다 포인트까지 많이 챙기니 너무 좋네요
평점5,23.05.19.,용량: 256GB / 색상: 크림,자급제폰 처음 사보는데 라이브로 혜택 많이보고 사서 좋습니다~ 폰도 너무 예뻐요♥
평점5,23.02.20.,제3자 정보제공 동의: 동의합니다 / 색상: 크림 2/28 순차출고 [ZEFKOO],와이프 선물로 샀어요. 삼성도 이제는 정말 발전했네요. 아이폰같아요. 적극 추천합니다.
평점5,23.11.16.,모델선택: 256GB / 색상선택: 그린,1. 배송 겁나 빠릅니다.2. 화질 좋습니다(첨부파일 확인)3. 건물 내에서 안터지는 경우가 있고 알람 설정시 오류가 뜹니다... 뽑기분 잘못한 듯
평점5,23.08.03.,정보없음,배송 빠르고 하자 없는 것 같습니다발열이 좀 있는데 핸드폰 요즘 다 그런거 같아서..
평점5,23.04.10.,컬러(256GB): 256라벤더,구 갤럭시 보내고 바꿉니다 사이즈 컴팩트하고 라벤더색상 은은 영롱하니 예뻐요 !
평점5,23.08.07.,용량: S23울트라 512GB / 색상: 라벤더,자급제로는 첨사보는데 좋네요따로 새로 계약서 쓰고 그러기 귀찮았는데 유심만 갈게면되서 아주 편리합니다
평점5,23.10.18.,색상: 팬텀 블랙,라이브방송 첫날 구입했습니다. 지방인데 다음날 빠른배송으로 받았어요.  S23기본으로 했는데 소문만큼 좋습니다. 하루썼지만 만족스러워요
평점5,23.08.27.,용량: S23 256GB / 색상: 크림,배송이 진짜 빨랐어요 부모님 드리려고 산건데 잘되고 빨리받고 만족스럽습니다!
평점5,23.06.18.,용량: S23플러스 256GB / 색상: 라벤더,라이브 시작하자마자 주문했는데 다음날 바로 배송됐습니다! 노트8 쓰는데 버벅거려서 S23을 사려고 했는데 라이브 시작 1시간 전에 검색하다가 우연히 알게 돼서 싸게 잘 샀습니다. 30명 당첨도 되고 S23 행운이네요~
평점5,23.07.07.,선택: 갤럭시 S23 256GB (라벤더),급하게 알아보고. 구매했는데 너무.맘에. 들어요유심 끼워 잘 사용하고 있습니다
평점5,23.04.22.,크림(제3자정보동의),기존 플립 고장나서 삿어요유심 그대로 끼워서 인증만 하니까 되네요잘쓸게요~~~
평점5,23.06.28.,용량: S23플러스 256GB / 색상: 크림,망설이다 라이브보고 구매했어요몇년만에 핸폰 바꿨더니 완전 신세계잘쓸께요^^
평점5,23.07.06.,선택: 갤럭시 S23 256GB (그린),배송도 빠르고 함께준 케이스랑 필름도 잘쓸게용 너무 이쁘고 싸게 잘샀어용~^^
평점4,23.10.20.,정보없음,바이올렛 색이 옅어서 더 좋아요 😀 뽁뽁이로 잘 포장해주셔서 고맙습니다 !!
평점4,23.03.26.,컬러(256GB): 256라벤더,사진땜에 산건데만족하고요512살걸그랬네요 외장메모리당연히사용되는줄알고
평점5,23.09.17.,모델선택: 256GB / 색상선택: 크림,"전날 오전 11시 주문, 다음날 오전 9시에 받았어요 대박... 배송속도에 놀랐습니다.폰 고장으로 급하게 받고싶었는데 만족합니다."
평점5,23.04.21.,모델선택: 갤럭시S23 256GB / 색상선택: 크림,ㅎㅎ 벌써 한달이 지났다구여..? 불편한거 없이 잘 사용중임당.. 너무 좋아영..
평점5,23.08.09.,용량: S23플러스 256GB / 색상: 팬텀블랙,배송도증말무지빠르고 자급제처음사봤는데 이상없고 선물받으신분도 무지 좋아하셨습니다! 감사해요
평점5,23.03.07.,컬러(256GB): 256크림,이번 s23 색상 정말 잘나왔습니다성능도 월등하면서 발열도 잘 잡아서 좋네요
평점5,23.02.19.,정보없음,간만에 좋은폰으로 바꿨어요 화면 움직임이 부드럽고 핸드폰두 이뻐영 ㅋㅋ
평점5,23.03.04.,색상: 크림,빠른배송에 무선충전기도 무료로 주시고 투명케이스랑 필름까지 굿입니다!!
평점5,23.08.31.,선택: 갤럭시 S23 256GB (그린),갤럭시 S7에서 S23으로 기변이라정말 많은 차이가 느껴집니다. 완전 좋아요!
평점5,23.09.12.,정보없음,아내 생일선물로 샀어요~ 좋아하네요배송 빨랐고 포장 잘 되어서 왔습니다
평점5,23.10.23.,용량: S23 256GB / 색상: 라벤더,"라벤더색밖에 없어서 라벤더 샀어요. 폰은 작고 가볍고 빠르고 좋으나, 배터리 소모가 너무빨라서 원래 이런건지 모르겠네요."
평점5,23.02.17.,제3자 정보제공 동의: 동의합니다 / 색상: 크림 [ZEFKOO],너무예뻐요 !! 드디어케이스랑 필름까지 붙여서 3일만에 사용합니다 ㅎㅎ
평점5,23.10.29.,색상: 크림,배송빠르고 미개봉 자급제 맞습니다!!잘쓸게요 폰 외 제품은 따로샀어요
평점5,23.10.18.,모델선택: 256GB / 색상선택: 크림,배송이 이렇게 빠를줄은 몰랐습니다.싸게 사서 기뻐요.너무 맘에 들어요
평점5,23.04.15.,모델선택: 갤럭시S23 512GB / 색상선택: 크림,핸드폰 아무문제 없이잘사용중이랍니다.특히 크림색넘이쁘유 그리고 이심사용할수있어서 좋아요~~
평점3,23.09.11.,모델선택: 256GB / 색상선택: 그린,잘쓰겠습니다 그린 색상이 딱 안질릴 색이네요근데 박스에 제품 시리얼 스티커가 다 떼져있어서 뭔가 재판매 된 느낌이네요
평점4,23.09.24.,모델선택: 256GB / 색상선택: 블랙,다 좋은데 리뷰내용처럼 박스 포장 상태가 영 아니네요. 뽁뽁이로 포장되어 있었으면 좋았을거 같아요.
평점5,23.04.05.,컬러(256GB): 256크림,선물용이라 걱정했는데 받는 사람 좋아하고 배송도 빨라서 좋았습니다
평점5,23.06.16.,용량: S23울트라 512GB / 색상: 그린,"사전구매를 못하여 아쉬웠는데, 5년만에 핸드폰 카메라 성능이 제일 좋은 시그니쳐 핸드폰을 구매하여 사용해보니, 하늘을 나는 듯한 기분이었습니다. 감사합니다."
평점5,23.06.27.,용량: S23울트라 512GB / 색상: 크림,라이브방송으로 저렴하게 구매하고배송도 바로 다음날에 도착했네요!
평점5,23.06.16.,용량: S23울트라 256GB / 색상: 팬텀블랙,몇 년만에 바꾼 폰인데 아주 맘에 듭니다사진 많이 찍고 다녀야겠어요
평점5,23.10.22.,모델선택: 256GB / 색상선택: 블랙,싸게 잘 샀습니다곧 24가 나오겠지만 급하게 사느라 어쩔 수 없었네요
평점4,23.05.06.,상세페이지안내내용동의: 동의함 / 컬러: 라벤더,제품 테두리 부분 투명 스티커 제거하는시작부분이 손톱으로 땐것마냥 찍혀서 떨어져 있었음. 나머지 제품상태 양호투명케이스는 있고 필름? 은 업었음
평점5,23.11.09.,모델선택: 256GB / 색상선택: 크림,한 박스는 이전에 산 제 폰이구요 좋아서 어머니 사드린다고 하나 더 주문했어요 싸게사서 너무좋아요
평점5,23.10.18.,모델선택: 256GB / 색상선택: 블랙,네쇼페 기간에 할인이랑 적립 많이 받고 좋은 가격에 잘 구매했어요!
평점5,23.04.01.,컬러(256GB): 256크림,선물했는데 너무 좋아하네요 파손없이 잘 도착했습니다 많이파세요~
평점5,23.02.18.,제3자 정보제공 동의: 동의합니다 / 색상: 라벤더 [LIFKOO],배송도 빠르고 좋아요 구성이 단촐해지긴했지만깔끔한것같기도해요
평점5,23.04.05.,컬러: 크림,반응속도 빠르고 아주 이뻐요ㅡ 불량ㅇㅣ안오고  액정이 깨끗좋아여
평점5,23.04.10.,정보없음,자급제로 구입하였습니다 디자인 카메라 성능도 좋고 만족스럽네요 
평점5,23.10.18.,모델선택: 256GB / 색상선택: 크림,좋습니다 갤럭시 s23 포인트캐쉬백이지만 나름 저렴하게 구매했네요
평점5,23.02.16.,제3자 정보제공 동의: 동의합니다 / 색상: 팬텀블랙 [ZKFKOO],몹시 기다리던 s23 양품으로 잘받았습니다막차로 갈아타길 잘했네요
평점5,23.09.20.,용량: S23플러스 256GB / 색상: 크림,박스는 찌그러져있지만 상품은 멀쩡한것같네요색상 이쁘고 좋아요
평점5,23.10.29.,색상: 크림,빠른 배송할인도 많이 받고오랜만에 잘 뽑은 갤럭시s23 만족합니다.
평점5,23.02.26.,제3자 정보제공 동의: 동의합니다 / 색상: 크림 2/28 순차출고 [ZEFKOO],3월에나 받겠다하고 있었는데 예상보다 일찍 받아서 기분이좋네요
평점5,23.06.01.,선택: 갤럭시 S23 256GB (크림),와이프 선물로 사줬어요 기능 속도 품질 배송 상당히 만족합니다
평점5,23.03.14.,컬러(256GB): 256라벤더,오랜만에 갤럭시로 와서 적응중이에요디자인 깔끔하니 이쁘네요
평점5,23.03.28.,컬러(256GB): 256크림,생각보다 가볍고 영롱해요. 아이폰 쓰다가 갤럭시로 옮길 때 데이터 옮기려면 케이블이 필요해요
평점5,23.10.16.,모델선택: 256GB / 색상선택: 크림,기본이상 괜찮고 성능은 문제없이 잘작동되네요 나쁘지않아요.
평점4,23.04.20.,선택: 갤럭시 S23 256GB (라벤더),고등학생 아들폰이 고장나서 주문했는데 배송 빨라서 좋았어요
평점5,23.03.11.,컬러(256GB): 256블랙,배송 빠르고 안전하게 잘 왔습니다. 같이 주신 필름은 아쉽네요
평점5,23.03.15.,정보없음,이번 s23이 괜찮게 나왔다는 얘길듣고 바꿨는데 마음에 듭니다.
평점5,23.02.14.,제3자 정보제공 동의: 동의합니다 / 색상: 크림 [ZEFKOO],다른데보다 훨씬 배송도 빠르고 상품도 맘에 들어욧 새폰 됴아
평점5,23.06.22.,용량: S23 256GB / 색상: 라벤더,배송도 너무 빠르고 사은품에 쿠폰까지 라방이 최고네요!!!!! 다음에 또 행사하면 엄마아빠도 바꿔드리려구요~~~ 핑크와 보라가 섞인듯한 이쁜색이에요^^
평점5,23.10.18.,모델선택: 256GB / 색상선택: 크림,완전 초광속배송에 적립까지 너무 저렴하게 잘 구입했습니다.
평점5,23.02.20.,제3자 정보제공 동의: 동의합니다 / 색상: 라벤더 [LIFKOO],"마침 휴대폰 바꿔야하는 시기였는데, 저렴하게 잘 샀습니다~!"
평점5,23.02.16.,제3자 정보제공 동의: 동의합니다 / 색상: 크림 [ZEFKOO],노트쓰다가 바꾸니까 넘 가볍고 한손에 들어와서 좋아요ㅠㅠ
평점5,23.06.16.,용량: S23플러스 256GB / 색상: 라벤더,배송도 빠르고 하자없는 새제품으로 받아서 기분이 좋네요.
평점5,23.10.09.,정보없음,급하게 샀는데 다음날 바로오고 포장도 꼼꼼해서 좋았어요!
평점5,23.06.30.,색상: 크림,엄마 선물 드렸어요. 이벤할때 사서 저렴하게 사서 좋네요. 배송도 잘 왔고 폰도 잘 된다고 합니다.
평점4,23.04.27.,정보없음,그럭저럭 괜찮을것 같아요사이즈가 크지 않아 좋은듯 해요
평점5,23.04.30.,모델선택: 256GB / 색상선택: 크림,맘에들어요 근데 sd카드 안들어가는지 모르고 젤 작은 용량으로 샀어요. 알았으면 한단계 높은걸로 샀을것 같아요
평점5,23.03.10.,모델선택: 갤럭시S23 512GB / 색상선택: 크림,넘 예뻐요 케이스낄때 쪼꿈뻑뻑한거말고는 영롱합니다!!!!
평점5,23.03.15.,제3자 정보제공 동의: 동의합니다 / 색상: 크림 [ZEFKOO],22랑 크기는 차이가 없는거 같고 뒷면이 확실히 예쁩니다!!
평점5,23.06.17.,선택: 갤럭시 S23 256GB (라벤더),만족합니다 빠르게 원하는색으로 잘받아서 사용중이예요!
평점5,23.09.27.,용량: S23 256GB / 색상: 크림,아버지께 선물드렸습니다전날 11시쯤 시켰는데 다음날 오후에 와서 엄청 놀랬어요. 배송 엄청 빨라서 좋았습니다휴대폰도 더 말할것 없이 예쁘고 좋습니다
평점4,23.04.06.,컬러: 크림,핸드폰 어제 잘 받았습니다. 택배박스가 비 때문에 젖어서 걱정했는데다행히 괜찮았습니다. 하지만 개봉해보니 핸드폰에 살짝 기스가 났더라구요.그래서 조금 아쉽지만....무사히 잘 갈아탔습니다.
평점5,23.05.02.,색상: 팬텀블랙,빠른배송 제품 문제 없고 싸게 잘 샀습니다. 많이 파세요~
평점5,23.09.18.,모델선택: 256GB / 색상선택: 라벤더,라이브방송 할때 주문했어요~ 배송도 빠르고 만족합니다.
평점5,23.02.20.,제3자 정보제공 동의: 동의합니다 / 색상: 크림 [ZEFKOO],엄청 고민하다가 질렀는데 1도 후회 안하고 사용중이예요
평점4,23.05.22.,컬러(256GB): 256블랙,남편 선물로 사줬어요~ 다른데보다 저렴하게 잘 삿습니다
평점5,23.04.14.,컬러(256GB): 256그린,빠른 배송 너무 좋아요 . 써보고 후기 남길게요 감사해요
평점5,23.08.02.,정보없음,플립 기다렸다가 마음에 안들어 바로 주문했습니다 ㅎㅎ
평점5,23.03.10.,모델선택: 갤럭시S23 256GB / 색상선택: 크림,디자인이 넘사로 이쁨..! 케이스 주는줄 알았는데 안주넹
평점5,23.04.09.,색상: 크림(베이지),생각보다 사진에서 만족이 안되긴허지만 뭐..어짜겄어요
평점4,23.03.22.,정보없음,폰고장나서 급히 사느라 비싼데 혜택도 못받고 아쉽네요
평점5,23.09.22.,모델선택: 256GB / 색상선택: 블랙,오랜만에 갤럭시 버전 업해서 구매했는데 진짜 다 만족!
평점5,23.06.25.,용량: S23 256GB / 색상: 그린,배송도 빨랐고 라이브특가로 저렴하게 구매해서 좋네요
평점5,23.11.17.,용량: S23 256GB / 색상: 팬텀블랙,아니 배송이 진짜 엄청빨라요!!! 어제 밤에 주문했는데 오늘 낮에 받았어요. 아빠 선물하려고 주문한거라 다음주에 드리려고 개봉은 안했어요...! 매번 뽑기운이 좋아서 이번에도 좋은 상품일거라 믿어요! 감사합니다:)
평점5,23.06.17.,용량: S23플러스 256GB / 색상: 크림,전 날 밤에 시켰는데 다음날 11시에 도착했어요!엄청 빠르네요. 상태 좋고 너무 잘 쓰고 있어요~
평점5,23.06.18.,용량: S23 256GB / 색상: 라벤더,환갑 선물로 샀어요. 배송도 빠르고 깔끔해서 넘좋아요
평점5,23.10.26.,용량: S23울트라 512GB / 색상: 크림,워낙 유명한 제품이라 말이 필요없네요잘 받았습니다^^
평점5,23.06.15.,용량: S23 256GB / 색상: 라벤더,배송고 빠르고 쿠폰으로 더 많이 할인되어서 좋습니다.
평점5,23.02.22.,정보없음,민팃보상 등등에 역대 체감가에 저렴하게 싼거 같아요
평점5,23.10.09.,선택: 갤럭시 S23 256GB (팬텀블랙),좋은 제품 합리적인 가격에 제공해주셔서 감사합니다!
평점5,23.03.07.,색상: 크림(베이지),디자인과 색감 정말 마음에 드네요. 잘 산것 같습니다
평점5,23.09.15.,모델선택: 256GB / 색상선택: 블랙,배송도 빠르고 만족하는데 포장상태가 좀 실망이에요
평점5,23.02.15.,제3자 정보제공 동의: 동의합니다 / 색상: 크림 [ZEFKOO],크림색 사길 잘했네요~ 깔끔하고 실물이 정말 이뻐요!
평점5,23.07.24.,용량: S23 256GB / 색상: 라벤더,갤럭시를 3개 정도 썼지만 S23이 제일 만족도가 높네요진짜 고민은 배송만 늦출뿐이네요
평점5,23.10.17.,모델선택: 512GB / 색상선택: 그린,일단 그립감이ㅜ너무 좋았습니다.빠리빠릿한겈 덤~~~
평점5,23.06.24.,용량: S23 256GB / 색상: 라벤더,생각보다 색상이 맘에드네요 기기는 말할것도없어요
평점5,23.10.26.,색상: 크림,패키지가 많이 간소화됐네요. 색깔이 마음에 들어요.
평점5,23.06.27.,색상: 라벤더,충전기 사은품도 잘 받았구요. 라벤더 색상 이쁩니다
평점5,23.06.14.,용량: S23울트라 512GB / 색상: 크림,s23 쓰다가 넘 작아서 울트라로 바꿨는데 크고 좋네요
평점5,23.04.16.,선택: 갤럭시 S23 256GB (크림),배송도 빠르고 정품 맞네요 서비스까지 최고입니다
평점5,23.05.30.,색상: 그린,아직 개통은 안했는데 폰 이쁘네요배송도 빨랐어요
평점4,23.02.18.,제3자 정보제공 동의: 동의합니다 / 색상: 그린 [ZGFKOO],좀더 사용해봐야 알것 같아요그린색 마음에 들어요
평점5,23.07.14.,색상선택: 블랙,휴대폰은 자급제로 요금은 lte로 저렴하게 사용해요
평점5,23.03.18.,제3자 정보제공 동의: 동의합니다 / 색상: 그린 [ZGFKOO],S8 4년쓴 엄니 선물로 사드렸습니다 매우만족하심요
평점5,23.04.25.,선택: 갤럭시 S23 256GB (크림),안전포장에 실리콘 케이스도 쓸만하네요 잘쓸께요
평점5,23.09.10.,용량: S23울트라 256GB / 색상: 크림,보호필름을 아직 못사서 개봉은 안했지만 양품이 왔을거라 믿습니다.배송 하루만에 잘왔어요.잘 쓰겠습니다.
평점5,23.04.16.,색상: 크림,배송도 빠르고 좋아요사진도 선명하게 잘나와요~~
평점5,23.04.14.,정보없음,대체적으로 만족해요디자인 컬러가 고급스럽네요
평점5,23.08.26.,용량: S23 512G / 색상: 라벤더,자급제폰으로 잘 쓰고 있어요. 색상 맘에 듭니다.
평점5,23.07.04.,선택: 갤럭시 S23 256GB (크림),배송 진짜빠르고 케이스랑 필름주는거 넘 좋네여
평점5,23.10.24.,용량: S23 256GB / 색상: 팬텀블랙,라방으로 저렴히 구매하고 빠른배송 굿굿 좋아요
평점5,23.08.02.,색상선택: 라벤더,포장도 꼼꼼하고 무사히 잘 받았네요 감사합니다
평점5,23.06.26.,선택: 갤럭시 S23 256GB (팬텀블랙),잘 사용하고 있어요 좋은 물건 감사합니다~! 굿굿
평점5,23.06.23.,용량: S23플러스 256GB / 색상: 팬텀블랙,부모님이 너무 만족하시네요. 잘 산거 같습니다.
평점5,23.10.22.,색상: 그린,세팅까지 완료!깔끔하니 이쁘고 좋네요👍🏻
평점5,23.07.21.,색상: 크림,배송빠르고 다른곳보다 저렴하게 잘 산것같아요
평점5,23.08.17.,용량: S23플러스 256GB / 색상: 크림,전 핸드폰 5년 넘게 사용하다가S23+가 너무 예뻐서 구매했어요전날 구매 했는데 다음날 왔고기기는 이제 막 사용중인데 외관은 깔끔했어요
평점5,23.03.29.,정보없음,처음으로 폰 사보는데 너무 잘나와서 좋습니다
평점5,23.10.20.,색상: 라벤더,예쁘고 빠르고 성능도 좋아요 빠른배송도 굿굿
평점5,23.05.31.,모델선택: 256GB / 색상선택: 크림,엄마 생신 선물로 사드렸는데 넘 좋아하셨어요
평점5,23.04.30.,컬러: 블랙,배송이 정말 빠르고 사이즈도 적당하고 이뻐요
평점5,23.02.16.,제3자 정보제공 동의: 동의합니다 / 색상: 팬텀블랙 [ZKFKOO],이쁘고 가볍고 빨라서 좋아요. 잘 쓰고 있어요.
평점5,23.08.19.,용량: S23플러스 256GB / 색상: 크림,초기 불량 및 교환중 배송 지연 하고는 있어지만 잘해결 해주어서 지금은 잘사용하고 있습니다.또 구매 필요시 주문 하겠습니다.
평점5,23.03.12.,용량: 256GB / 색상: 팬텀블랙,작고 귀엽지만 해상도가 높고작동이 빠르네요
평점5,23.04.02.,컬러(256GB): 256그린,아들에게 선물했는데 너무나 맘에들어 하네요
평점5,23.05.22.,선택: 갤럭시 S23 256GB (팬텀블랙),배송은 주말 걸려서 월요날 왔고 디자인 예쁨
평점5,23.02.16.,제3자 정보제공 동의: 동의합니다 / 색상: 그린 [ZGFKOO],핸드폰 색상도 예쁘도 성능도 좋고 만족해요~
평점5,23.06.22.,용량: S23 256GB / 색상: 팬텀블랙,상자가 매우 더럽.. 게 왔는데 상품은 조아요
평점5,23.02.15.,제3자 정보제공 동의: 동의합니다 / 색상: 크림 2/28 순차출고 [ZEFKOO],배송도 아주 빠르고 제품도 좋을거 같습니다
평점5,23.06.24.,용량: S23울트라 512GB / 색상: 그린,포장해서 선물 드렸는데 좋아하시더라구요^^
평점5,23.09.03.,용량: S23 256GB / 색상: 크림,배송 잘받았고 저렴하게 잘 구매한거 같아요
평점5,23.10.31.,컬러: 라벤더,배송빨랐어요.같이온 케이스는 좀 아쉽네요.
평점5,23.03.24.,정보없음,깔끔하고 그립감도 좋고 매우 만족스럽네요~
평점5,23.05.24.,정보없음,부모님 선물로 사드렸는데 아주 만족합니다~
평점5,23.02.21.,제3자 정보제공 동의: 동의합니다 / 색상: 라벤더 [LIFKOO],너무 빠르고 성능이 좋습니다 엄청 좋아요
평점5,23.10.13.,용량: S23 256GB / 색상: 라벤더,배송도 빠르고 가격도 좋고 제품도 좋아요
평점5,23.03.09.,컬러: 그린,그린컬러 너무고급지네요배송총알입니다~
평점5,23.06.16.,용량: S23 256GB / 색상: 그린,아담하고 좋네요 디자인 깔끔 작동 이상무
평점5,23.05.03.,선택: 갤럭시 S23 256GB (크림),배송도 빠르고 제품 자체는 며칠 사용해보니 반응속도도 만족스럽고 무게도 가볍네요.일반구매 사은품으로 받은 케이스 첨부합니다.
평점5,23.10.27.,색상: 라벤더,배송이 빨라서 좋아요색도 너무 예쁘네요
평점5,23.03.12.,선택: 갤럭시 S23 256GB (그린),하루만에 도착했네요. 빠르고 감사합니다
평점5,23.03.08.,선택: 갤럭시 S23 256GB (그린),잘 받았습니다. 배송 빠르고 완전 좋아요
평점5,23.07.07.,정보없음,배송도 빠르고 색상이 너무 맘에들어요!!
평점5,23.03.24.,모델선택: 갤럭시S23 256GB / 색상선택: 팬텀블랙,배송 빠르고 좋아요! 잘 사용하겠습니다.
평점5,23.04.25.,용량: 256GB / 색상: 팬텀블랙,받아서 작동잘되고 배송빨라좋았습니다
평점5,23.05.17.,선택: 갤럭시 S23 256GB (그린),배송도 빠르고 좋아용. 핸드폰도 이뻐요
평점5,23.02.26.,크림_512GB발송(ZEFKOO)(제3자정보동의),흰색이 매우 깔끚해서 제 스타일이네요!
평점5,23.06.20.,용량: S23울트라 512GB / 색상: 라벤더,배송 빠르고 저렴하게 잘 구매했습니다.
평점5,23.08.22.,용량: S23 256GB / 색상: 그린,하루만에 받았어요 저렴히 잘샀습니다!!
평점5,23.03.09.,선택: 갤럭시 S23 256GB (라벤더),제품 잘받았습니다 신상이라서 제품이 중고띠가 날순 없지만 어쨋든 새거 ㅎ 강화필름과 카드젤리커버 잘쓰겠습니다
평점5,23.06.07.,정보없음,기본형이 그립감이 좋아서 맘에 듭니다
평점5,23.03.07.,정보없음,배송이 빠르며 화면 해상도가 좋습니다
평점5,23.07.16.,색상: 크림,배송도 빠르고 케이스 서비스 감사해요
평점5,23.06.11.,컬러: 블랙,배송이 참 빠르고 좋네요잘 쓰겠습니다
평점5,23.04.04.,컬러(256GB): 256라벤더,s10쓰다가 바꿨는데 빠르고 너무좋아요
평점5,23.05.25.,컬러: 크림,저렴한가격에 좋은 제품 산것 같아요^^
평점5,23.03.10.,선택: 갤럭시 S23 256GB (팬텀블랙),빠르게 잘 받았어요. 사업 번창하세요.
평점5,23.04.05.,컬러(256GB): 256크림,빠른배송 좋아요 폰도 최신제조입니다
평점5,23.08.28.,모델선택: 256GB / 색상선택: 라벤더,진짜 빨라요. 라벤더라 영롱하네요. S20 갑자기 나가서 힘들었는데 너무 좋네요
평점5,23.02.15.,제3자 정보제공 동의: 동의합니다 / 색상: 라벤더 [LIFKOO],배송도 빠르고 제품도 마음에 들어요.
평점5,23.05.13.,상세페이지안내내용동의: 동의함 / 컬러: 팬텀블랙,좋아요ㅠ배송도 빠르고 양품받았슴다
평점5,23.04.11.,선택: 갤럭시 S23 256GB (크림),배송도 빠르고 상품에 결함도 없네요~
평점5,23.11.11.,정보없음,폰고장나서 급하게삿는데 너무좋아요
평점5,23.09.22.,선택: 갤럭시 S23 256GB (라벤더),어머니께선물해드렸는데 너무이뻐요.
평점5,23.10.18.,모델선택: 256GB / 색상선택: 블랙,만족합니다 배송도 무지빠르게왔네요
평점5,23.03.10.,선택: 갤럭시 S23 256GB (그린),필름 이랑 케이스도 주고 만족 합니다
평점5,23.09.17.,용량: S23 256GB / 색상: 크림,오랜만에 갤럭시 쓰는데 만족합니다 ~
평점5,23.03.29.,색상;그린{ZGEKOO}[1개],디자인 깔끔하고 그린 색상 좋습니다
평점5,23.06.29.,용량: S23 256GB / 색상: 그린,배송도 빠르고 라이브혜택도 좋아요!
평점5,23.03.31.,정보없음,성능도 좋고 한손에 그립감이 좋아요
평점5,23.04.15.,제3자 정보제공 동의: 동의합니다 / 색상: 크림 [ZEFKOO],성능좋고 내구성도 좋은거 같습니다.
평점5,23.04.23.,컬러(256GB): 256블랙,배송빠르고 화질 넘 좋아요 추천이요
평점5,23.04.18.,색상: 크림,"다음날, 빠른 배송으로 잘 받았습니다. 크림색도 예뻐서 엄마가 좋아하십니다."
평점5,23.05.30.,컬러: 블랙,급해서 방문수령했어요 감사합니다.
평점5,23.09.09.,용량: S23 256GB / 색상: 팬텀블랙,부모님 선물로 샀어요 만족합니다~~~
평점5,23.02.21.,제3자 정보제공 동의: 동의합니다 / 색상: 크림 [ZEFKOO],사이즈가 적당하고 가벼워서 좋네요
평점5,23.06.16.,용량: S23울트라 256GB / 색상: 팬텀블랙,확실히 세련되고 큼직하니 이쁘네요
평점5,23.08.10.,용량: S23 256GB / 색상: 그린,좋습니다ㅎ 가볍고 카메라도 좋아요
평점5,23.10.17.,모델선택: 256GB / 색상선택: 그린,엄마가 좋아하네요 배송 엄청빨라요
평점4,23.04.23.,컬러(256GB): 256크림,제품 하자없이 잘받았습니다 좋아요
평점5,23.06.26.,컬러(256GB): 256크림,만족합니다.필름은 한번 실패했어요
평점5,23.09.01.,정보없음,아버지 선물 드렸눈데 만족하시네요
평점5,23.02.27.,제3자 정보제공 동의: 동의합니다 / 색상: 팬텀블랙 [ZKFKOO],선물로 드렸어요 완전 좋아하시네요
평점5,23.03.18.,컬러: 라벤더,배송 빠르고 기기 문제 없고 좋아요
평점5,23.04.14.,선택: 갤럭시 S23 256GB (크림),구매하길 잘했어요  배송도  빠르구
평점5,23.08.27.,용량: S23 512G / 색상: 크림,배송 잘 받았습니다. 번창하십시오.
평점5,23.03.28.,용량: 256GB / 색상: 크림,만족스러워요 엄마 선물로 샀어요!
평점5,23.10.18.,모델선택: 256GB / 색상선택: 라벤더,좋은기회에 저렴하게 잘 샀습니다.
평점5,23.06.16.,컬러: 블랙,부모님 선물로 구매 했어요 좋아요
평점5,23.04.26.,색상;라벤더{LIEKOO}[1개],라벤다색으로 했어요 너무 이뻐요
평점5,23.06.15.,용량: S23플러스 512GB / 색상: 크림,배송이 정말빠르고 가격이 좋네요
평점5,23.02.21.,정보없음,배송 아주맘에들고 너무예쁘네요!
평점5,23.06.27.,색상: 크림,"안전하게 포장, 빠른배송 좋네요^^"
평점5,23.04.01.,컬러(256GB): 256크림,배송 빠르고 이뻐요잘받았습니다.
평점5,23.07.04.,선택: 갤럭시 S23 256GB (크림),사이즈 아담하니 빠르고 좋네요ㅎ
평점4,23.06.25.,용량: S23플러스 512GB / 색상: 크림,배송이 엄청 빨랐어요!!예쁘네요~!
평점5,23.02.21.,제3자 정보제공 동의: 동의합니다 / 색상: 팬텀블랙 [ZKFKOO],조카 초딩 졸업선물겸 중딩입학 선물로 사줬는데너무 좋아해서 제가다 행복
평점5,23.05.08.,상세페이지안내내용동의: 동의함 / 컬러: 팬텀블랙,하루만에 왔네요 !! 잘쓰겠습니다
평점5,23.03.08.,컬러(256GB): 256크림,배송도 빠르고 잘 와서 좋았어요!
평점5,23.02.21.,용량: 512GB / 색상: 팬텀블랙,배송이빠릅니다그리고안전포장까지굿입니다.3년만에 새폰 껌둥이로
평점5,23.02.15.,제3자 정보제공 동의: 동의합니다 / 색상: 크림 [ZEFKOO],최신형 핸드폰 개멋찜요 아이폰 비슷하네요 이번 모델은 너무 이뻐요 ㅋㅋㅋ
평점5,23.04.15.,컬러(256GB): 256그린,배송빠르게 왔고 상품 좋습니다.
평점5,23.03.11.,선택: 갤럭시 S23 256GB (팬텀블랙),배송빠르고 좋네요 ㅎ 잘쓸게요~
평점5,23.04.25.,선택: 갤럭시 S23 256GB (크림),배송 빠르고 폰 너무 만족합니다
평점5,23.03.26.,컬러(256GB): 256크림,잘받았습니다. 마음에 쏙 드네요
평점5,23.09.13.,용량: S23 256GB / 색상: 라벤더,빠르고 예쁘고 작동도 잘 됩니다
평점5,23.03.18.,용량: 512GB / 색상: 라벤더,색도 예쁘고 크기도 좋아요 굳굳
평점5,23.04.13.,선택: 갤럭시 S23 256GB (크림),배송빠르게 와서 만족했습니다.
평점5,23.04.07.,컬러: 크림,s23 이쁘고 성능좋고 만족합니다
평점5,23.06.22.,선택: 갤럭시 S23 256GB (크림),만족하며 잘사용하고 있읍니다.
평점5,23.03.21.,컬러(256GB): 256블랙,빠른 배송 좋네요 잘쓰겠습니다
평점5,23.05.27.,컬러: 라벤더,배송 하루만에 도착 만족합니다
평점5,23.06.21.,용량: S23 256GB / 색상: 그린,쿠폰으로 저렴하게 구매했네요.
평점5,23.06.16.,용량: S23 256GB / 색상: 팬텀블랙,배송도 빠르고 매우 만족합니다
평점5,23.11.16.,색상: 크림,마음에 들어요 잘 사용중입니다
평점5,23.09.05.,모델선택: 512GB / 색상선택: 라벤더,주문 다음날 받았어요 잘쓸게요
평점5,23.09.01.,용량: S23울트라 256GB / 색상: 팬텀블랙,배송이 빠르고 품질이 좋습니다
평점5,23.02.18.,용량: 256GB / 색상: 크림,하루만에 도착 이뻐요 잘쓸게용
평점5,23.05.13.,모델선택: 갤럭시S23 512GB / 색상선택: 크림,갤럭시는 처음 쓰는데 좋아요:)
평점5,23.03.11.,선택: 갤럭시 S23 256GB (크림),빠른배송과 제품에 만족합니다
평점5,23.03.11.,선택: 갤럭시 S23 256GB (그린),"어머니 생일 선물로 사드렸는데(아버지꺼 까지^^) 너무너무 좋아 하십니다^^ 저도 바꿀까 맘이 흔들리는중 ""많이 파세요~~"""
평점5,23.06.16.,용량: S23울트라 512GB / 색상: 크림,색상 이쁘고 빠른배송 좋아요~
평점5,23.02.18.,제3자 정보제공 동의: 동의합니다 / 색상: 라벤더 [LIFKOO],s23 카메라 너무 좋습니다 ㅎㅎ
평점5,23.03.29.,컬러(256GB): 256크림,배송도 빠르고 폰도 이쁘네요!
평점5,23.03.11.,컬러(256GB): 256블랙,배송도 빠르고 제품도 좋아요!
평점5,23.05.12.,선택: 갤럭시 S23 256GB (크림),배송빠르고 폰 작동 잘 되네요
평점5,23.07.01.,용량: S23 256GB / 색상: 라벤더,깔끔하고 이뻐요. 배송도 빠름
평점5,23.09.14.,모델선택: 256GB / 색상선택: 블랙,어머니가 너무 좋아하십니다^^
평점5,23.05.02.,모델선택: 256GB / 색상선택: 크림,사진 화질좋고폰도 넘 이뻐요
평점5,23.04.12.,선택: 갤럭시 S23 256GB (그린),배송도 빠르고 물건도 좋아요
평점5,23.10.02.,모델선택: 256GB / 색상선택: 그린,S23 너무 이쁘게 잘나왔습니다
평점5,23.03.13.,컬러(256GB): 256그린,색감도 예쁘고 너무 좋습니다
평점5,23.03.12.,컬러(256GB): 256크림,배송도빠르고 그냥 다 좋아요
평점5,23.02.16.,제3자 정보제공 동의: 동의합니다 / 색상: 크림 2/28 순차출고 [ZEFKOO],배송도 빠르고 상품도 좋아요
평점5,23.04.15.,상세페이지안내내용동의: 동의함 / 컬러: 라벤더,빠른배송 아주 만족스러워요~
평점5,23.06.14.,컬러(256GB): 256블랙,배송도 빠르고 제품이 좋아요
평점5,23.04.13.,컬러(256GB): 256라벤더,다 마음에 듭니다ㅋ색깔.크기
평점5,23.10.15.,용량: S23 256GB / 색상: 크림,화질도 좋고 디자인도 이뻐요
평점5,23.04.09.,컬러(256GB): 256크림,카메라도 잘 나오고 좋아요!!
평점5,23.03.29.,컬러(256GB): 256크림,이뻐용 배송도 빠르고좋네요
평점5,23.05.01.,모델선택: 256GB / 색상선택: 크림,너무 예쁘네요 잘쓰겟습니다
평점5,23.06.08.,상세페이지안내내용동의: 동의함 / 컬러: 그린,선물로 구매했는데 만족해요
평점5,23.06.17.,컬러: 라벤더,성능도 좋고 마음에 듭니다!
평점5,23.02.17.,제3자 정보제공 동의: 동의합니다 / 색상: 팬텀블랙 [ZKFKOO],선물드렸는데 좋아하시네요
평점5,23.06.06.,상세페이지안내내용동의: 동의함 / 컬러: 크림,배송빠르고 잘 되서 좋아요!
평점5,23.06.26.,용량: S23울트라 512GB / 색상: 팬텀블랙,크고 화질도 좋고 좋아요~~^^
평점5,23.08.03.,정보없음,배송 빠르고 색상 이쁘네요~
평점5,23.09.16.,용량: S23 256GB / 색상: 그린,아담하고 가벼워서 좋아요.
평점5,23.03.09.,컬러(256GB): 256크림,배송이 빨라서 만족합니다.
평점5,23.04.13.,상세페이지안내내용동의: 동의함 / 컬러: 팬텀블랙,저렴하게 잘 구입했습니다.
평점5,23.02.18.,제3자 정보제공 동의: 동의합니다 / 색상: 팬텀블랙 [ZKFKOO],배송도 빠르고 완전 조아요
평점5,23.08.18.,용량: S23플러스 512GB / 색상: 팬텀블랙,배송 잘 받았습니다.좋아요
평점5,23.03.22.,제3자 정보제공 동의: 동의합니다 / 색상: 라벤더 [LIFKOO],가장 만족합니다 갤럭시 중
평점5,23.03.20.,제3자 정보제공 동의: 동의합니다 / 색상: 크림 [ZEFKOO],너무 이쁘고 최고의 만족도
평점5,23.03.20.,컬러(256GB): 256크림,배송도 빠르고 아주 좋아요
평점4,23.09.22.,용량: S23플러스 256GB / 색상: 팬텀블랙,배송 매우 빨라서 좋았어요
평점5,23.02.15.,제3자 정보제공 동의: 동의합니다 / 색상: 크림 2/28 순차출고 [ZEFKOO],배송 빠르고 제품 이쁩니다
평점5,23.08.10.,색상선택: 라벤더,라벤더 색상 예쁘네요 ㅎㅎ
평점5,23.10.14.,모델선택: 256GB / 색상선택: 크림,빠른배송 좋내요 s23 좋아요
평점5,23.02.15.,제3자 정보제공 동의: 동의합니다 / 색상: 라벤더 [LIFKOO],배송 빠르고 휴대폰 좋아요
평점5,23.06.21.,용량: S23 256GB / 색상: 팬텀블랙,상품 괜찮고 잘 받았습니다
평점5,23.07.05.,색상: 그린,아주 좋아요 속도도 빠르고
평점5,23.07.09.,상세페이지안내내용동의: 동의함 / 컬러: 크림,상품도 좋고 배송도 빨라요
평점5,23.08.06.,정보없음,엄마가 엄청 좋아하시네여
평점5,23.11.16.,모델선택: 256GB / 색상선택: 그린,잘사용하고 있어요 좋아요
평점5,23.02.15.,제3자 정보제공 동의: 동의합니다 / 색상: 그린 [ZGFKOO],컬러도 예쁘고 맘에들어요
평점4,23.03.12.,제3자 정보제공 동의: 동의합니다 / 색상: 팬텀블랙 [ZKFKOO],사이즈가 작아서 가벼워요
평점5,23.03.22.,컬러(256GB): 256크림,배송도빠르고 만족합니다.
평점5,23.09.10.,용량: S23플러스 256GB / 색상: 크림,배송도 빠르고 맘에들어요
평점5,23.03.12.,선택: 갤럭시 S23 256GB (크림),크림색 이뻐서 맘에들어요
평점5,23.03.09.,선택: 갤럭시 S23 256GB (팬텀블랙),배송 빠르고 상품 좋아요~!
평점5,23.03.22.,색상: 크림(베이지),생각보다 많이 만족합니다
평점5,23.11.17.,색상선택: 팬텀블랙,너무 좋아요 a만쓰다가 s삼
평점5,23.04.04.,컬러: 그린,빠르게 잘봤어요.저렴해요
평점5,23.03.03.,컬러(256GB): 256크림,제품은 두말 하면 입 아플 정도로 최신기기라 좋고요~무엇보다 좋은 가격과 빠른 배송 그리고 판매자님의 빠른 답변 너무 마음에 들었습니다!!!
평점5,23.03.23.,정보없음,빠른배송에 감사드립니다
평점5,23.09.24.,용량: S23 256GB / 색상: 라벤더,와이프선물했어요 좋아요
평점5,23.04.18.,컬러(256GB): 256크림,가볍고 너무 좋네요..ㅎㅎ
평점5,23.04.19.,컬러(256GB): 256라벤더,잘쓰고있어요 만족합니다
평점5,23.10.17.,모델선택: 256GB / 색상선택: 크림,빠른배송 매우만족합니다
평점5,23.08.21.,용량: S23플러스 256GB / 색상: 그린,항상 잘쓰고있습니다ㅎㅎ
평점5,23.02.17.,제3자 정보제공 동의: 동의합니다 / 색상: 크림 [ZEFKOO],최고에요 정말 잘 샀네요
평점5,23.05.24.,정보없음,갤럭시 s23 가볍고 좋아요
평점5,23.05.10.,정보없음,아이가  너무  좋아해요^^
평점5,23.05.08.,모델선택: 256GB / 색상선택: 크림,색상 마음에 들고 좋네요
평점5,23.03.19.,컬러(256GB): 256크림,배송도 빠르고 좋았어요.
평점5,23.06.16.,용량: S23 256GB / 색상: 그린,제품 하자없이 잘 왔어요
평점5,23.02.16.,제3자 정보제공 동의: 동의합니다 / 색상: 라벤더 [LIFKOO],배송 빠르고 색상 이뻐요
평점4,23.04.29.,선택: 갤럭시 S23 256GB (크림),아직까지 문제없이 잘사용하고 있어요 속도도빠르고 카메라 성능도 좋고~ 아주 만족하며 사용하고있습니다~
평점5,23.06.22.,용량: S23플러스 512GB / 색상: 그린,빠른배송에 만족합니다.
평점5,23.03.11.,선택: 갤럭시 S23 256GB (크림),삼성정품 맞네요 좋아요
평점5,23.06.18.,용량: S23플러스 512GB / 색상: 팬텀블랙,와우 잘구매 만족합니다
평점5,23.04.04.,컬러(256GB): 256크림,배송빠르고 맘에들어요!
평점5,23.03.18.,컬러(256GB): 256크림,잘받았습니다 잘쓸께요
평점5,23.06.16.,용량: S23울트라 256GB / 색상: 팬텀블랙,별 다른 하자 없습니다.
평점5,23.06.19.,선택: 갤럭시 S23 256GB (팬텀블랙),좋아요 배송도빠르고요
평점5,23.10.28.,용량: S23 256GB / 색상: 팬텀블랙,잘받았고 작동잘됩니다
평점5,23.04.08.,정보없음,총알배송 감사드립니다
평점5,23.02.14.,제3자 정보제공 동의: 동의합니다 / 색상: 그린 [ZGFKOO],배송빠르고 만족합니다
평점5,23.10.06.,모델선택: 512GB / 색상선택: 크림,이쁘고 당일배송좋아요
평점5,23.05.06.,제3자 정보제공 동의: 동의합니다 / 색상: 크림 [ZEFKOO],"역대 최고 시리즈라고 생각되는 s23 시리즈디자인, 성능 다 빠지는 거 없이 좋습니다특히 컨투어컷 빠진게 처음엔 아쉬웠는데 볼수록 빠진게 낫습니다"
평점5,23.10.24.,모델선택: 512GB / 색상선택: 블랙,가볍고 작동 잘됩니다!
평점5,23.11.04.,정보없음,포장 배송 다 좋았어요
평점5,23.04.06.,정보없음,만족합니다많이파세요
평점5,23.04.29.,색상: 그린,배송이 빠르고 좋아요.
평점5,23.03.15.,제3자 정보제공 동의: 동의합니다 / 색상: 그린 [ZGFKOO],기다린 보람이 있네요.
평점5,23.06.30.,컬러(256GB): 256라벤더,색깔 마음에 듭니다 ㅎ
평점5,23.06.26.,용량: S23울트라 512GB / 색상: 라벤더,새폰은 항상 사랑입니다^^터치도 좋고 큼직큼직하니.. 너무 맘에 드네요
평점5,23.04.11.,선택: 갤럭시 S23 256GB (크림),아주 마음에 듭니다~^^
평점5,23.03.28.,컬러(256GB): 256크림,좋아요 잘쓰고 있어요
평점5,23.09.02.,용량: S23플러스 512GB / 색상: 크림,빨리 배송와서 좋아요
평점5,23.05.29.,선택: 갤럭시 S23 256GB (라벤더),잘받았어요 잘쓸게요~
평점5,23.02.14.,제3자 정보제공 동의: 동의합니다 / 색상: 크림 [ZEFKOO],배송빠르고 넘 예뻐용
평점5,23.10.19.,모델선택: 512GB / 색상선택: 블랙,좋은제품을 잘 샀어요
