title,original_date,view
"[κ°¤λ­μ‹ Z ν”λ¦½5 | Z ν΄λ“5] κΈμ”μΌ, λ§κ° μ‹κ°„ νΈ | μ‚Όμ„±μ „μ",2μΌ μ „,μ΅°νμ 1.2μ²ν
"[κ°¤λ­μ‹ Z ν”λ¦½5 | Z ν΄λ“5] λ©μ”μΌ, μ‚¬μ§„ μ΄¬μ νΈ | μ‚Όμ„±μ „μ",3μΌ μ „,μ΅°νμ 837ν
[κ°¤λ­μ‹ | λ©”μΆ… λ§λ¥΄μ§€μ—λΌ] κ°¤λ­μ‹ Z ν”λ¦½5 λ©”μΆ… λ§λ¥΄μ§€μ—λΌ μ—λ””μ… | μ‚Όμ„±μ „μ,3μΌ μ „,μ΅°νμ 2.4μ²ν
"[κ°¤λ­μ‹ Z ν”λ¦½5 | Z ν΄λ“5] μμ”μΌ, μ μ‹¬μ μΌμƒ νƒμ¶ νΈ | μ‚Όμ„±μ „μ",4μΌ μ „,μ΅°νμ 897ν
"[κ°¤λ­μ‹ Z ν”λ¦½5 | Z ν΄λ“5] ν™”μ”μΌ, VIP κ³ κ°λ‹ νΈ | μ‚Όμ„±μ „μ",5μΌ μ „,μ΅°νμ 1.2μ²ν
"[κ°¤λ­μ‹ Z ν”λ¦½5 | Z ν΄λ“5] μ›”μ”μΌ, μ›”μ”λ³‘ νΈ | μ‚Όμ„±μ „μ",6μΌ μ „,μ΅°νμ 1.8μ²ν
[κ°¤λ­μ‹] Good Rules λ»”ν• μƒκ°μ„ μ ‘λ”λ‹¤ β€“ Full Version | μ‚Όμ„±μ „μ,2μ£Ό μ „,μ΅°νμ 461λ§ν
[κ°¤λ­μ‹ Z ν”λ¦½5] Galaxy Z Flip5 Retro : Homage to SGH-E700 | μ‚Όμ„±μ „μ,2μ£Ό μ „,μ΅°νμ 3.2μ²ν
[κ°¤λ­μ‹ λ²„μ¦ FE] My Favorite Buds β€“ μ¤λ§νΈμ‹±μ¤ νμΈλ“ νΈ  | μ‚Όμ„±μ „μ,2μ£Ό μ „,μ΅°νμ 391λ§ν
[κ°¤λ­μ‹ λ²„μ¦ FE] My Favorite Buds β€“ μ»¬λλ²„λ μ΄μ… μΌ€μ΄μ¤ νΈ  | μ‚Όμ„±μ „μ,2μ£Ό μ „,μ΅°νμ 423λ§ν
[κ°¤λ­μ‹ μ›μΉ6] THE DREAM GOAL β€“ Full Version | μ‚Όμ„±μ „μ,3μ£Ό μ „,μ΅°νμ 211λ§ν
[κ°¤λ­μ‹ λ²„μ¦ FE] My Favorite Buds | μ‚Όμ„±μ „μ,3μ£Ό μ „,μ΅°νμ 483λ§ν
[κ°¤λ­μ‹ μ›μΉ6] THE DREAM GOAL β€“ Episode 3 | μ‚Όμ„±μ „μ,4μ£Ό μ „,μ΅°νμ 26λ§ν
[κ°¤λ­μ‹ μ›μΉ6] THE DREAM GOAL β€“ Episode 2 | μ‚Όμ„±μ „μ,4μ£Ό μ „,μ΅°νμ 28λ§ν
[κ°¤λ­μ‹ μ›μΉ6] THE DREAM GOAL β€“ Episode 1 | μ‚Όμ„±μ „μ,4μ£Ό μ „,μ΅°νμ 26λ§ν
[κ°¤λ­μ‹] Good Rules λ»”ν• μƒκ°μ„ μ ‘λ”λ‹¤ | μ‚Όμ„±μ „μ,4μ£Ό μ „,μ΅°νμ 782λ§ν
"[κ°¤λ­μ‹ Z ν”λ¦½5 | Z ν΄λ“5] κΈμ”μΌ, λ§κ° μ‹κ°„ νΈ | μ‚Όμ„±μ „μ",2μΌ μ „,μ΅°νμ 1.2μ²ν
"[κ°¤λ­μ‹ Z ν”λ¦½5 | Z ν΄λ“5] λ©μ”μΌ, μ‚¬μ§„ μ΄¬μ νΈ | μ‚Όμ„±μ „μ",3μΌ μ „,μ΅°νμ 837ν
[κ°¤λ­μ‹ | λ©”μΆ… λ§λ¥΄μ§€μ—λΌ] κ°¤λ­μ‹ Z ν”λ¦½5 λ©”μΆ… λ§λ¥΄μ§€μ—λΌ μ—λ””μ… | μ‚Όμ„±μ „μ,3μΌ μ „,μ΅°νμ 2.4μ²ν
"[κ°¤λ­μ‹ Z ν”λ¦½5 | Z ν΄λ“5] μμ”μΌ, μ μ‹¬μ μΌμƒ νƒμ¶ νΈ | μ‚Όμ„±μ „μ",4μΌ μ „,μ΅°νμ 897ν
"[κ°¤λ­μ‹ Z ν”λ¦½5 | Z ν΄λ“5] ν™”μ”μΌ, VIP κ³ κ°λ‹ νΈ | μ‚Όμ„±μ „μ",5μΌ μ „,μ΅°νμ 1.2μ²ν
"[κ°¤λ­μ‹ Z ν”λ¦½5 | Z ν΄λ“5] μ›”μ”μΌ, μ›”μ”λ³‘ νΈ | μ‚Όμ„±μ „μ",6μΌ μ „,μ΅°νμ 1.8μ²ν
[κ°¤λ­μ‹] Good Rules λ»”ν• μƒκ°μ„ μ ‘λ”λ‹¤ β€“ Full Version | μ‚Όμ„±μ „μ,2μ£Ό μ „,μ΅°νμ 461λ§ν
[κ°¤λ­μ‹ Z ν”λ¦½5] Galaxy Z Flip5 Retro : Homage to SGH-E700 | μ‚Όμ„±μ „μ,2μ£Ό μ „,μ΅°νμ 3.2μ²ν
[κ°¤λ­μ‹ λ²„μ¦ FE] My Favorite Buds β€“ μ¤λ§νΈμ‹±μ¤ νμΈλ“ νΈ  | μ‚Όμ„±μ „μ,2μ£Ό μ „,μ΅°νμ 391λ§ν
[κ°¤λ­μ‹ λ²„μ¦ FE] My Favorite Buds β€“ μ»¬λλ²„λ μ΄μ… μΌ€μ΄μ¤ νΈ  | μ‚Όμ„±μ „μ,2μ£Ό μ „,μ΅°νμ 423λ§ν
[κ°¤λ­μ‹ μ›μΉ6] THE DREAM GOAL β€“ Full Version | μ‚Όμ„±μ „μ,3μ£Ό μ „,μ΅°νμ 211λ§ν
[κ°¤λ­μ‹ λ²„μ¦ FE] My Favorite Buds | μ‚Όμ„±μ „μ,3μ£Ό μ „,μ΅°νμ 483λ§ν
[κ°¤λ­μ‹ μ›μΉ6] THE DREAM GOAL β€“ Episode 3 | μ‚Όμ„±μ „μ,4μ£Ό μ „,μ΅°νμ 26λ§ν
[κ°¤λ­μ‹ μ›μΉ6] THE DREAM GOAL β€“ Episode 2 | μ‚Όμ„±μ „μ,4μ£Ό μ „,μ΅°νμ 28λ§ν
[κ°¤λ­μ‹ μ›μΉ6] THE DREAM GOAL β€“ Episode 1 | μ‚Όμ„±μ „μ,4μ£Ό μ „,μ΅°νμ 26λ§ν
[κ°¤λ­μ‹] Good Rules λ»”ν• μƒκ°μ„ μ ‘λ”λ‹¤ | μ‚Όμ„±μ „μ,4μ£Ό μ „,μ΅°νμ 782λ§ν
[κ°¤λ­μ‹ μ›μΉ6] THE DREAM GOAL - OFFICIAL TRAILER | μ‚Όμ„±μ „μ,1κ°μ›” μ „,μ΅°νμ 32λ§ν
[κ°¤λ­μ‹] Good Rules λ»”ν• μƒκ°μ„ μ ‘λ”λ‹¤ β€“ ν‹°μ € | μ‚Όμ„±μ „μ,1κ°μ›” μ „,μ΅°νμ 938λ§ν
[κ°¤λ­μ‹ Z ν”λ¦½5 | Z ν΄λ“5] All about Switching | μ‚Όμ„±μ „μ,1κ°μ›” μ „,μ΅°νμ 5.9μ²ν
[κ°¤λ­μ‹ μ›μΉ6] κ°¤λ­μ‹ μ›μΉ6 ν΄λμ‹ PXGμ—λ””μ… | μ‚Όμ„±μ „μ,2κ°μ›” μ „,μ΅°νμ 9.1μ²ν
[κ°¤λ­μ‹ μ¤νλ””μ¤] 2023 κ°¤λ­μ‹ ν΄λ“μ»µ | μ‚Όμ„±μ „μ,2κ°μ›” μ „,μ΅°νμ 31λ§ν
[κ°¤λ­μ‹ Z ν”λ¦½5 | Z ν΄λ“5] λ¨λ“  μκ°„μ„ ν•¨κ»ν•λ” κ°¤λ­μ‹ | μ‚Όμ„±μ „μ,2κ°μ›” μ „,μ΅°νμ 7.8μ²ν
[μ‚Όμ„± | ν†°λΈλΌμ΄] κ°¤λ­μ‹ Z ν΄λ“5 ν†°λΈλΌμ΄ μ—λ””μ… | μ‚Όμ„±μ „μ,2κ°μ›” μ „,μ΅°νμ 2.2λ§ν
[κ°¤λ­μ‹ Z ν”λ¦½5] λΉ„μƒ (Fly High) β€“ Official M/V (μ¤νΈλ μ΄ ν‚¤μ¦ μ°½λΉ ver.) | μ‚Όμ„±μ „μ,2κ°μ›” μ „,μ΅°νμ 466λ§ν
[κ°¤λ­μ‹ Z ν”λ¦½5] λΉ„μƒ (Fly High) β€“ Collabo M/V (μ¤λ€ μλ” μ•„μ΄λ“¤ ver.) | μ‚Όμ„±μ „μ,2κ°μ›” μ „,μ΅°νμ 505λ§ν
[κ°¤λ­μ‹ νƒ­ S9] Discover your Tab S9 Cover | μ‚Όμ„±μ „μ,2κ°μ›” μ „,μ΅°νμ 2μ²ν
[κ°¤λ­μ‹ νƒ­ S9] Official Unboxing Film | μ‚Όμ„±μ „μ,2κ°μ›” μ „,μ΅°νμ 1.6μ²ν
"[κ°¤λ­μ‹ Z ν”λ¦½5 | Z ν΄λ“5] κΈμ”μΌ, λ§κ° μ‹κ°„ νΈ | μ‚Όμ„±μ „μ",2μΌ μ „,μ΅°νμ 1.2μ²ν
"[κ°¤λ­μ‹ Z ν”λ¦½5 | Z ν΄λ“5] λ©μ”μΌ, μ‚¬μ§„ μ΄¬μ νΈ | μ‚Όμ„±μ „μ",3μΌ μ „,μ΅°νμ 837ν
[κ°¤λ­μ‹ | λ©”μΆ… λ§λ¥΄μ§€μ—λΌ] κ°¤λ­μ‹ Z ν”λ¦½5 λ©”μΆ… λ§λ¥΄μ§€μ—λΌ μ—λ””μ… | μ‚Όμ„±μ „μ,3μΌ μ „,μ΅°νμ 2.4μ²ν
"[κ°¤λ­μ‹ Z ν”λ¦½5 | Z ν΄λ“5] μμ”μΌ, μ μ‹¬μ μΌμƒ νƒμ¶ νΈ | μ‚Όμ„±μ „μ",4μΌ μ „,μ΅°νμ 897ν
"[κ°¤λ­μ‹ Z ν”λ¦½5 | Z ν΄λ“5] ν™”μ”μΌ, VIP κ³ κ°λ‹ νΈ | μ‚Όμ„±μ „μ",5μΌ μ „,μ΅°νμ 1.2μ²ν
"[κ°¤λ­μ‹ Z ν”λ¦½5 | Z ν΄λ“5] μ›”μ”μΌ, μ›”μ”λ³‘ νΈ | μ‚Όμ„±μ „μ",6μΌ μ „,μ΅°νμ 1.8μ²ν
[κ°¤λ­μ‹] Good Rules λ»”ν• μƒκ°μ„ μ ‘λ”λ‹¤ β€“ Full Version | μ‚Όμ„±μ „μ,2μ£Ό μ „,μ΅°νμ 461λ§ν
[κ°¤λ­μ‹ Z ν”λ¦½5] Galaxy Z Flip5 Retro : Homage to SGH-E700 | μ‚Όμ„±μ „μ,2μ£Ό μ „,μ΅°νμ 3.2μ²ν
[κ°¤λ­μ‹ λ²„μ¦ FE] My Favorite Buds β€“ μ¤λ§νΈμ‹±μ¤ νμΈλ“ νΈ  | μ‚Όμ„±μ „μ,2μ£Ό μ „,μ΅°νμ 391λ§ν
[κ°¤λ­μ‹ λ²„μ¦ FE] My Favorite Buds β€“ μ»¬λλ²„λ μ΄μ… μΌ€μ΄μ¤ νΈ  | μ‚Όμ„±μ „μ,2μ£Ό μ „,μ΅°νμ 423λ§ν
[κ°¤λ­μ‹ μ›μΉ6] THE DREAM GOAL β€“ Full Version | μ‚Όμ„±μ „μ,3μ£Ό μ „,μ΅°νμ 211λ§ν
[κ°¤λ­μ‹ λ²„μ¦ FE] My Favorite Buds | μ‚Όμ„±μ „μ,3μ£Ό μ „,μ΅°νμ 483λ§ν
[κ°¤λ­μ‹ μ›μΉ6] THE DREAM GOAL β€“ Episode 3 | μ‚Όμ„±μ „μ,4μ£Ό μ „,μ΅°νμ 26λ§ν
[κ°¤λ­μ‹ μ›μΉ6] THE DREAM GOAL β€“ Episode 2 | μ‚Όμ„±μ „μ,4μ£Ό μ „,μ΅°νμ 28λ§ν
[κ°¤λ­μ‹ μ›μΉ6] THE DREAM GOAL β€“ Episode 1 | μ‚Όμ„±μ „μ,4μ£Ό μ „,μ΅°νμ 26λ§ν
[κ°¤λ­μ‹] Good Rules λ»”ν• μƒκ°μ„ μ ‘λ”λ‹¤ | μ‚Όμ„±μ „μ,4μ£Ό μ „,μ΅°νμ 782λ§ν
[κ°¤λ­μ‹ μ›μΉ6] THE DREAM GOAL - OFFICIAL TRAILER | μ‚Όμ„±μ „μ,1κ°μ›” μ „,μ΅°νμ 32λ§ν
[κ°¤λ­μ‹] Good Rules λ»”ν• μƒκ°μ„ μ ‘λ”λ‹¤ β€“ ν‹°μ € | μ‚Όμ„±μ „μ,1κ°μ›” μ „,μ΅°νμ 938λ§ν
[κ°¤λ­μ‹ Z ν”λ¦½5 | Z ν΄λ“5] All about Switching | μ‚Όμ„±μ „μ,1κ°μ›” μ „,μ΅°νμ 5.9μ²ν
[κ°¤λ­μ‹ μ›μΉ6] κ°¤λ­μ‹ μ›μΉ6 ν΄λμ‹ PXGμ—λ””μ… | μ‚Όμ„±μ „μ,2κ°μ›” μ „,μ΅°νμ 9.1μ²ν
[κ°¤λ­μ‹ μ¤νλ””μ¤] 2023 κ°¤λ­μ‹ ν΄λ“μ»µ | μ‚Όμ„±μ „μ,2κ°μ›” μ „,μ΅°νμ 31λ§ν
[κ°¤λ­μ‹ Z ν”λ¦½5 | Z ν΄λ“5] λ¨λ“  μκ°„μ„ ν•¨κ»ν•λ” κ°¤λ­μ‹ | μ‚Όμ„±μ „μ,2κ°μ›” μ „,μ΅°νμ 7.8μ²ν
[μ‚Όμ„± | ν†°λΈλΌμ΄] κ°¤λ­μ‹ Z ν΄λ“5 ν†°λΈλΌμ΄ μ—λ””μ… | μ‚Όμ„±μ „μ,2κ°μ›” μ „,μ΅°νμ 2.2λ§ν
[κ°¤λ­μ‹ Z ν”λ¦½5] λΉ„μƒ (Fly High) β€“ Official M/V (μ¤νΈλ μ΄ ν‚¤μ¦ μ°½λΉ ver.) | μ‚Όμ„±μ „μ,2κ°μ›” μ „,μ΅°νμ 466λ§ν
[κ°¤λ­μ‹ Z ν”λ¦½5] λΉ„μƒ (Fly High) β€“ Collabo M/V (μ¤λ€ μλ” μ•„μ΄λ“¤ ver.) | μ‚Όμ„±μ „μ,2κ°μ›” μ „,μ΅°νμ 505λ§ν
[κ°¤λ­μ‹ νƒ­ S9] Discover your Tab S9 Cover | μ‚Όμ„±μ „μ,2κ°μ›” μ „,μ΅°νμ 2μ²ν
[κ°¤λ­μ‹ νƒ­ S9] Official Unboxing Film | μ‚Όμ„±μ „μ,2κ°μ›” μ „,μ΅°νμ 1.6μ²ν
"[κ°¤λ­μ‹ Z ν”λ¦½5 | Z ν΄λ“5] κΈμ”μΌ, λ§κ° μ‹κ°„ νΈ | μ‚Όμ„±μ „μ",2μΌ μ „,μ΅°νμ 1.2μ²ν
"[κ°¤λ­μ‹ Z ν”λ¦½5 | Z ν΄λ“5] λ©μ”μΌ, μ‚¬μ§„ μ΄¬μ νΈ | μ‚Όμ„±μ „μ",3μΌ μ „,μ΅°νμ 837ν
[κ°¤λ­μ‹ | λ©”μΆ… λ§λ¥΄μ§€μ—λΌ] κ°¤λ­μ‹ Z ν”λ¦½5 λ©”μΆ… λ§λ¥΄μ§€μ—λΌ μ—λ””μ… | μ‚Όμ„±μ „μ,3μΌ μ „,μ΅°νμ 2.4μ²ν
"[κ°¤λ­μ‹ Z ν”λ¦½5 | Z ν΄λ“5] μμ”μΌ, μ μ‹¬μ μΌμƒ νƒμ¶ νΈ | μ‚Όμ„±μ „μ",4μΌ μ „,μ΅°νμ 897ν
"[κ°¤λ­μ‹ Z ν”λ¦½5 | Z ν΄λ“5] ν™”μ”μΌ, VIP κ³ κ°λ‹ νΈ | μ‚Όμ„±μ „μ",5μΌ μ „,μ΅°νμ 1.2μ²ν
"[κ°¤λ­μ‹ Z ν”λ¦½5 | Z ν΄λ“5] μ›”μ”μΌ, μ›”μ”λ³‘ νΈ | μ‚Όμ„±μ „μ",6μΌ μ „,μ΅°νμ 1.8μ²ν
[κ°¤λ­μ‹] Good Rules λ»”ν• μƒκ°μ„ μ ‘λ”λ‹¤ β€“ Full Version | μ‚Όμ„±μ „μ,2μ£Ό μ „,μ΅°νμ 461λ§ν
[κ°¤λ­μ‹ Z ν”λ¦½5] Galaxy Z Flip5 Retro : Homage to SGH-E700 | μ‚Όμ„±μ „μ,2μ£Ό μ „,μ΅°νμ 3.2μ²ν
[κ°¤λ­μ‹ λ²„μ¦ FE] My Favorite Buds β€“ μ¤λ§νΈμ‹±μ¤ νμΈλ“ νΈ  | μ‚Όμ„±μ „μ,2μ£Ό μ „,μ΅°νμ 391λ§ν
[κ°¤λ­μ‹ λ²„μ¦ FE] My Favorite Buds β€“ μ»¬λλ²„λ μ΄μ… μΌ€μ΄μ¤ νΈ  | μ‚Όμ„±μ „μ,2μ£Ό μ „,μ΅°νμ 423λ§ν
[κ°¤λ­μ‹ μ›μΉ6] THE DREAM GOAL β€“ Full Version | μ‚Όμ„±μ „μ,3μ£Ό μ „,μ΅°νμ 211λ§ν
[κ°¤λ­μ‹ λ²„μ¦ FE] My Favorite Buds | μ‚Όμ„±μ „μ,3μ£Ό μ „,μ΅°νμ 483λ§ν
[κ°¤λ­μ‹ μ›μΉ6] THE DREAM GOAL β€“ Episode 3 | μ‚Όμ„±μ „μ,4μ£Ό μ „,μ΅°νμ 26λ§ν
[κ°¤λ­μ‹ μ›μΉ6] THE DREAM GOAL β€“ Episode 2 | μ‚Όμ„±μ „μ,4μ£Ό μ „,μ΅°νμ 28λ§ν
[κ°¤λ­μ‹ μ›μΉ6] THE DREAM GOAL β€“ Episode 1 | μ‚Όμ„±μ „μ,4μ£Ό μ „,μ΅°νμ 26λ§ν
[κ°¤λ­μ‹] Good Rules λ»”ν• μƒκ°μ„ μ ‘λ”λ‹¤ | μ‚Όμ„±μ „μ,4μ£Ό μ „,μ΅°νμ 782λ§ν
[κ°¤λ­μ‹ μ›μΉ6] THE DREAM GOAL - OFFICIAL TRAILER | μ‚Όμ„±μ „μ,1κ°μ›” μ „,μ΅°νμ 32λ§ν
[κ°¤λ­μ‹] Good Rules λ»”ν• μƒκ°μ„ μ ‘λ”λ‹¤ β€“ ν‹°μ € | μ‚Όμ„±μ „μ,1κ°μ›” μ „,μ΅°νμ 938λ§ν
[κ°¤λ­μ‹ Z ν”λ¦½5 | Z ν΄λ“5] All about Switching | μ‚Όμ„±μ „μ,1κ°μ›” μ „,μ΅°νμ 5.9μ²ν
[κ°¤λ­μ‹ μ›μΉ6] κ°¤λ­μ‹ μ›μΉ6 ν΄λμ‹ PXGμ—λ””μ… | μ‚Όμ„±μ „μ,2κ°μ›” μ „,μ΅°νμ 9.1μ²ν
[κ°¤λ­μ‹ μ¤νλ””μ¤] 2023 κ°¤λ­μ‹ ν΄λ“μ»µ | μ‚Όμ„±μ „μ,2κ°μ›” μ „,μ΅°νμ 31λ§ν
[κ°¤λ­μ‹ Z ν”λ¦½5 | Z ν΄λ“5] λ¨λ“  μκ°„μ„ ν•¨κ»ν•λ” κ°¤λ­μ‹ | μ‚Όμ„±μ „μ,2κ°μ›” μ „,μ΅°νμ 7.8μ²ν
[μ‚Όμ„± | ν†°λΈλΌμ΄] κ°¤λ­μ‹ Z ν΄λ“5 ν†°λΈλΌμ΄ μ—λ””μ… | μ‚Όμ„±μ „μ,2κ°μ›” μ „,μ΅°νμ 2.2λ§ν
[κ°¤λ­μ‹ Z ν”λ¦½5] λΉ„μƒ (Fly High) β€“ Official M/V (μ¤νΈλ μ΄ ν‚¤μ¦ μ°½λΉ ver.) | μ‚Όμ„±μ „μ,2κ°μ›” μ „,μ΅°νμ 466λ§ν
[κ°¤λ­μ‹ Z ν”λ¦½5] λΉ„μƒ (Fly High) β€“ Collabo M/V (μ¤λ€ μλ” μ•„μ΄λ“¤ ver.) | μ‚Όμ„±μ „μ,2κ°μ›” μ „,μ΅°νμ 505λ§ν
[κ°¤λ­μ‹ νƒ­ S9] Discover your Tab S9 Cover | μ‚Όμ„±μ „μ,2κ°μ›” μ „,μ΅°νμ 2μ²ν
[κ°¤λ­μ‹ νƒ­ S9] Official Unboxing Film | μ‚Όμ„±μ „μ,2κ°μ›” μ „,μ΅°νμ 1.6μ²ν
[κ°¤λ­μ‹ νƒ­ S9] Official Unveil Film | μ‚Όμ„±μ „μ,2κ°μ›” μ „,μ΅°νμ 3μ²ν
[κ°¤λ­μ‹ Z ν΄λ“5] μ²΄ν— μ¤ν† λ¦¬ - μ΄μ§€μ κ°•μ‚¬ νΈ | μ‚Όμ„±μ „μ,3κ°μ›” μ „,μ΅°νμ 28λ§ν
[κ°¤λ­μ‹ μ¤νλ””μ¤] νμ΄μ»¤μ™€ ν•¨κ»ν•λ” 2023 κ°¤λ­μ‹ ν΄λ“μ»µ μ‹ μ²­ | μ‚Όμ„±μ „μ,3κ°μ›” μ „,μ΅°νμ 5.2λ§ν
[κ°¤λ­μ‹ Z ν΄λ“5] μ²΄ν— μ¤ν† λ¦¬ - μ΄μƒν™” μ„ μ νΈ | μ‚Όμ„±μ „μ,3κ°μ›” μ „,μ΅°νμ 28λ§ν
[κ°¤λ­μ‹ νƒ­ S9] Official Launch Film | μ‚Όμ„±μ „μ,3κ°μ›” μ „,μ΅°νμ 8.3μ²ν
[κ°¤λ­μ‹ μ›μΉ6] Official Launch Film | μ‚Όμ„±μ „μ,3κ°μ›” μ „,μ΅°νμ 1.2λ§ν
[κ°¤λ­μ‹ Z ν΄λ“5] μ²΄ν— μ¤ν† λ¦¬ - μ •μ„Έλ‘ μ‘κ°€ νΈ | μ‚Όμ„±μ „μ,3κ°μ›” μ „,μ΅°νμ 21λ§ν
[κ°¤λ­μ‹ Z ν΄λ“5] Join the ν¥ | μ‚Όμ„±μ „μ,3κ°μ›” μ „,μ΅°νμ 369λ§ν
[κ°¤λ­μ‹ Z ν”λ¦½5] Join the λ©‹ | μ‚Όμ„±μ „μ,3κ°μ›” μ „,μ΅°νμ 439λ§ν
[κ°¤λ­μ‹ Z ν΄λ“5 | Z ν”λ¦½5] λ¬(η«)ν• λ§¤λ ¥μ κ°¤λ­μ‹ | μ‚Όμ„±μ „μ,3κ°μ›” μ „,μ΅°νμ 9.2μ²ν
[κ°¤λ­μ‹ νƒ­ S9] Introduction Film | μ‚Όμ„±μ „μ,3κ°μ›” μ „,μ΅°νμ 9.4μ²ν
[κ°¤λ­μ‹ Z ν”λ¦½5 | νƒ­ S9] Ecosystem Film | μ‚Όμ„±μ „μ,3κ°μ›” μ „,μ΅°νμ 55λ§ν
[κ°¤λ­μ‹ Z ν”λ¦½5 | μ›μΉ6] Ecosystem Film | μ‚Όμ„±μ „μ,3κ°μ›” μ „,μ΅°νμ 4λ§ν
[κ°¤λ­μ‹ Z ν”λ¦½5] λΉ„μƒ(Fly High) - μ¤λ€ μκ² Write Now | μ‚Όμ„±μ „μ,3κ°μ›” μ „,μ΅°νμ 389λ§ν
[κ°¤λ­μ‹ Z ν΄λ“5 | Z ν”λ¦½5] Introduction Film | μ‚Όμ„±μ „μ,3κ°μ›” μ „,μ΅°νμ 2.5λ§ν
[κ°¤λ­μ‹ Z ν΄λ“5] Please Donβ€™t Go | μ‚Όμ„±μ „μ,3κ°μ›” μ „,μ΅°νμ 81λ§ν
[κ°¤λ­μ‹ Z ν”λ¦½5] Donβ€™t Cha? | μ‚Όμ„±μ „μ,3κ°μ›” μ „,μ΅°νμ 63λ§ν
"[κ°¤λ­μ‹ Z ν”λ¦½5 | Z ν΄λ“5] κΈμ”μΌ, λ§κ° μ‹κ°„ νΈ | μ‚Όμ„±μ „μ",2μΌ μ „,μ΅°νμ 1.2μ²ν
"[κ°¤λ­μ‹ Z ν”λ¦½5 | Z ν΄λ“5] λ©μ”μΌ, μ‚¬μ§„ μ΄¬μ νΈ | μ‚Όμ„±μ „μ",3μΌ μ „,μ΅°νμ 837ν
[κ°¤λ­μ‹ | λ©”μΆ… λ§λ¥΄μ§€μ—λΌ] κ°¤λ­μ‹ Z ν”λ¦½5 λ©”μΆ… λ§λ¥΄μ§€μ—λΌ μ—λ””μ… | μ‚Όμ„±μ „μ,3μΌ μ „,μ΅°νμ 2.4μ²ν
"[κ°¤λ­μ‹ Z ν”λ¦½5 | Z ν΄λ“5] μμ”μΌ, μ μ‹¬μ μΌμƒ νƒμ¶ νΈ | μ‚Όμ„±μ „μ",4μΌ μ „,μ΅°νμ 897ν
"[κ°¤λ­μ‹ Z ν”λ¦½5 | Z ν΄λ“5] ν™”μ”μΌ, VIP κ³ κ°λ‹ νΈ | μ‚Όμ„±μ „μ",5μΌ μ „,μ΅°νμ 1.2μ²ν
"[κ°¤λ­μ‹ Z ν”λ¦½5 | Z ν΄λ“5] μ›”μ”μΌ, μ›”μ”λ³‘ νΈ | μ‚Όμ„±μ „μ",6μΌ μ „,μ΅°νμ 1.8μ²ν
[κ°¤λ­μ‹] Good Rules λ»”ν• μƒκ°μ„ μ ‘λ”λ‹¤ β€“ Full Version | μ‚Όμ„±μ „μ,2μ£Ό μ „,μ΅°νμ 461λ§ν
[κ°¤λ­μ‹ Z ν”λ¦½5] Galaxy Z Flip5 Retro : Homage to SGH-E700 | μ‚Όμ„±μ „μ,2μ£Ό μ „,μ΅°νμ 3.2μ²ν
[κ°¤λ­μ‹ λ²„μ¦ FE] My Favorite Buds β€“ μ¤λ§νΈμ‹±μ¤ νμΈλ“ νΈ  | μ‚Όμ„±μ „μ,2μ£Ό μ „,μ΅°νμ 391λ§ν
[κ°¤λ­μ‹ λ²„μ¦ FE] My Favorite Buds β€“ μ»¬λλ²„λ μ΄μ… μΌ€μ΄μ¤ νΈ  | μ‚Όμ„±μ „μ,2μ£Ό μ „,μ΅°νμ 423λ§ν
[κ°¤λ­μ‹ μ›μΉ6] THE DREAM GOAL β€“ Full Version | μ‚Όμ„±μ „μ,3μ£Ό μ „,μ΅°νμ 211λ§ν
[κ°¤λ­μ‹ λ²„μ¦ FE] My Favorite Buds | μ‚Όμ„±μ „μ,3μ£Ό μ „,μ΅°νμ 483λ§ν
[κ°¤λ­μ‹ μ›μΉ6] THE DREAM GOAL β€“ Episode 3 | μ‚Όμ„±μ „μ,4μ£Ό μ „,μ΅°νμ 26λ§ν
[κ°¤λ­μ‹ μ›μΉ6] THE DREAM GOAL β€“ Episode 2 | μ‚Όμ„±μ „μ,4μ£Ό μ „,μ΅°νμ 28λ§ν
[κ°¤λ­μ‹ μ›μΉ6] THE DREAM GOAL β€“ Episode 1 | μ‚Όμ„±μ „μ,4μ£Ό μ „,μ΅°νμ 26λ§ν
[κ°¤λ­μ‹] Good Rules λ»”ν• μƒκ°μ„ μ ‘λ”λ‹¤ | μ‚Όμ„±μ „μ,4μ£Ό μ „,μ΅°νμ 782λ§ν
[κ°¤λ­μ‹ μ›μΉ6] THE DREAM GOAL - OFFICIAL TRAILER | μ‚Όμ„±μ „μ,1κ°μ›” μ „,μ΅°νμ 32λ§ν
[κ°¤λ­μ‹] Good Rules λ»”ν• μƒκ°μ„ μ ‘λ”λ‹¤ β€“ ν‹°μ € | μ‚Όμ„±μ „μ,1κ°μ›” μ „,μ΅°νμ 938λ§ν
[κ°¤λ­μ‹ Z ν”λ¦½5 | Z ν΄λ“5] All about Switching | μ‚Όμ„±μ „μ,1κ°μ›” μ „,μ΅°νμ 5.9μ²ν
[κ°¤λ­μ‹ μ›μΉ6] κ°¤λ­μ‹ μ›μΉ6 ν΄λμ‹ PXGμ—λ””μ… | μ‚Όμ„±μ „μ,2κ°μ›” μ „,μ΅°νμ 9.1μ²ν
[κ°¤λ­μ‹ μ¤νλ””μ¤] 2023 κ°¤λ­μ‹ ν΄λ“μ»µ | μ‚Όμ„±μ „μ,2κ°μ›” μ „,μ΅°νμ 31λ§ν
[κ°¤λ­μ‹ Z ν”λ¦½5 | Z ν΄λ“5] λ¨λ“  μκ°„μ„ ν•¨κ»ν•λ” κ°¤λ­μ‹ | μ‚Όμ„±μ „μ,2κ°μ›” μ „,μ΅°νμ 7.8μ²ν
[μ‚Όμ„± | ν†°λΈλΌμ΄] κ°¤λ­μ‹ Z ν΄λ“5 ν†°λΈλΌμ΄ μ—λ””μ… | μ‚Όμ„±μ „μ,2κ°μ›” μ „,μ΅°νμ 2.2λ§ν
[κ°¤λ­μ‹ Z ν”λ¦½5] λΉ„μƒ (Fly High) β€“ Official M/V (μ¤νΈλ μ΄ ν‚¤μ¦ μ°½λΉ ver.) | μ‚Όμ„±μ „μ,2κ°μ›” μ „,μ΅°νμ 466λ§ν
[κ°¤λ­μ‹ Z ν”λ¦½5] λΉ„μƒ (Fly High) β€“ Collabo M/V (μ¤λ€ μλ” μ•„μ΄λ“¤ ver.) | μ‚Όμ„±μ „μ,2κ°μ›” μ „,μ΅°νμ 505λ§ν
[κ°¤λ­μ‹ νƒ­ S9] Discover your Tab S9 Cover | μ‚Όμ„±μ „μ,2κ°μ›” μ „,μ΅°νμ 2μ²ν
[κ°¤λ­μ‹ νƒ­ S9] Official Unboxing Film | μ‚Όμ„±μ „μ,2κ°μ›” μ „,μ΅°νμ 1.6μ²ν
[κ°¤λ­μ‹ νƒ­ S9] Official Unveil Film | μ‚Όμ„±μ „μ,2κ°μ›” μ „,μ΅°νμ 3μ²ν
[κ°¤λ­μ‹ Z ν΄λ“5] μ²΄ν— μ¤ν† λ¦¬ - μ΄μ§€μ κ°•μ‚¬ νΈ | μ‚Όμ„±μ „μ,3κ°μ›” μ „,μ΅°νμ 28λ§ν
[κ°¤λ­μ‹ μ¤νλ””μ¤] νμ΄μ»¤μ™€ ν•¨κ»ν•λ” 2023 κ°¤λ­μ‹ ν΄λ“μ»µ μ‹ μ²­ | μ‚Όμ„±μ „μ,3κ°μ›” μ „,μ΅°νμ 5.2λ§ν
[κ°¤λ­μ‹ Z ν΄λ“5] μ²΄ν— μ¤ν† λ¦¬ - μ΄μƒν™” μ„ μ νΈ | μ‚Όμ„±μ „μ,3κ°μ›” μ „,μ΅°νμ 28λ§ν
[κ°¤λ­μ‹ νƒ­ S9] Official Launch Film | μ‚Όμ„±μ „μ,3κ°μ›” μ „,μ΅°νμ 8.3μ²ν
[κ°¤λ­μ‹ μ›μΉ6] Official Launch Film | μ‚Όμ„±μ „μ,3κ°μ›” μ „,μ΅°νμ 1.2λ§ν
[κ°¤λ­μ‹ Z ν΄λ“5] μ²΄ν— μ¤ν† λ¦¬ - μ •μ„Έλ‘ μ‘κ°€ νΈ | μ‚Όμ„±μ „μ,3κ°μ›” μ „,μ΅°νμ 21λ§ν
[κ°¤λ­μ‹ Z ν΄λ“5] Join the ν¥ | μ‚Όμ„±μ „μ,3κ°μ›” μ „,μ΅°νμ 369λ§ν
[κ°¤λ­μ‹ Z ν”λ¦½5] Join the λ©‹ | μ‚Όμ„±μ „μ,3κ°μ›” μ „,μ΅°νμ 439λ§ν
[κ°¤λ­μ‹ Z ν΄λ“5 | Z ν”λ¦½5] λ¬(η«)ν• λ§¤λ ¥μ κ°¤λ­μ‹ | μ‚Όμ„±μ „μ,3κ°μ›” μ „,μ΅°νμ 9.2μ²ν
[κ°¤λ­μ‹ νƒ­ S9] Introduction Film | μ‚Όμ„±μ „μ,3κ°μ›” μ „,μ΅°νμ 9.4μ²ν
[κ°¤λ­μ‹ Z ν”λ¦½5 | νƒ­ S9] Ecosystem Film | μ‚Όμ„±μ „μ,3κ°μ›” μ „,μ΅°νμ 55λ§ν
[κ°¤λ­μ‹ Z ν”λ¦½5 | μ›μΉ6] Ecosystem Film | μ‚Όμ„±μ „μ,3κ°μ›” μ „,μ΅°νμ 4λ§ν
[κ°¤λ­μ‹ Z ν”λ¦½5] λΉ„μƒ(Fly High) - μ¤λ€ μκ² Write Now | μ‚Όμ„±μ „μ,3κ°μ›” μ „,μ΅°νμ 389λ§ν
[κ°¤λ­μ‹ Z ν΄λ“5 | Z ν”λ¦½5] Introduction Film | μ‚Όμ„±μ „μ,3κ°μ›” μ „,μ΅°νμ 2.5λ§ν
[κ°¤λ­μ‹ Z ν΄λ“5] Please Donβ€™t Go | μ‚Όμ„±μ „μ,3κ°μ›” μ „,μ΅°νμ 81λ§ν
[κ°¤λ­μ‹ Z ν”λ¦½5] Donβ€™t Cha? | μ‚Όμ„±μ „μ,3κ°μ›” μ „,μ΅°νμ 63λ§ν
"[κ°¤λ­μ‹ Z ν”λ¦½5 | Z ν΄λ“5] κΈμ”μΌ, λ§κ° μ‹κ°„ νΈ | μ‚Όμ„±μ „μ",2μΌ μ „,μ΅°νμ 1.2μ²ν
"[κ°¤λ­μ‹ Z ν”λ¦½5 | Z ν΄λ“5] λ©μ”μΌ, μ‚¬μ§„ μ΄¬μ νΈ | μ‚Όμ„±μ „μ",3μΌ μ „,μ΅°νμ 837ν
[κ°¤λ­μ‹ | λ©”μΆ… λ§λ¥΄μ§€μ—λΌ] κ°¤λ­μ‹ Z ν”λ¦½5 λ©”μΆ… λ§λ¥΄μ§€μ—λΌ μ—λ””μ… | μ‚Όμ„±μ „μ,3μΌ μ „,μ΅°νμ 2.4μ²ν
"[κ°¤λ­μ‹ Z ν”λ¦½5 | Z ν΄λ“5] μμ”μΌ, μ μ‹¬μ μΌμƒ νƒμ¶ νΈ | μ‚Όμ„±μ „μ",4μΌ μ „,μ΅°νμ 897ν
"[κ°¤λ­μ‹ Z ν”λ¦½5 | Z ν΄λ“5] ν™”μ”μΌ, VIP κ³ κ°λ‹ νΈ | μ‚Όμ„±μ „μ",5μΌ μ „,μ΅°νμ 1.2μ²ν
"[κ°¤λ­μ‹ Z ν”λ¦½5 | Z ν΄λ“5] μ›”μ”μΌ, μ›”μ”λ³‘ νΈ | μ‚Όμ„±μ „μ",6μΌ μ „,μ΅°νμ 1.8μ²ν
[κ°¤λ­μ‹] Good Rules λ»”ν• μƒκ°μ„ μ ‘λ”λ‹¤ β€“ Full Version | μ‚Όμ„±μ „μ,2μ£Ό μ „,μ΅°νμ 461λ§ν
[κ°¤λ­μ‹ Z ν”λ¦½5] Galaxy Z Flip5 Retro : Homage to SGH-E700 | μ‚Όμ„±μ „μ,2μ£Ό μ „,μ΅°νμ 3.2μ²ν
[κ°¤λ­μ‹ λ²„μ¦ FE] My Favorite Buds β€“ μ¤λ§νΈμ‹±μ¤ νμΈλ“ νΈ  | μ‚Όμ„±μ „μ,2μ£Ό μ „,μ΅°νμ 391λ§ν
[κ°¤λ­μ‹ λ²„μ¦ FE] My Favorite Buds β€“ μ»¬λλ²„λ μ΄μ… μΌ€μ΄μ¤ νΈ  | μ‚Όμ„±μ „μ,2μ£Ό μ „,μ΅°νμ 423λ§ν
[κ°¤λ­μ‹ μ›μΉ6] THE DREAM GOAL β€“ Full Version | μ‚Όμ„±μ „μ,3μ£Ό μ „,μ΅°νμ 211λ§ν
[κ°¤λ­μ‹ λ²„μ¦ FE] My Favorite Buds | μ‚Όμ„±μ „μ,3μ£Ό μ „,μ΅°νμ 483λ§ν
[κ°¤λ­μ‹ μ›μΉ6] THE DREAM GOAL β€“ Episode 3 | μ‚Όμ„±μ „μ,4μ£Ό μ „,μ΅°νμ 26λ§ν
[κ°¤λ­μ‹ μ›μΉ6] THE DREAM GOAL β€“ Episode 2 | μ‚Όμ„±μ „μ,4μ£Ό μ „,μ΅°νμ 28λ§ν
[κ°¤λ­μ‹ μ›μΉ6] THE DREAM GOAL β€“ Episode 1 | μ‚Όμ„±μ „μ,4μ£Ό μ „,μ΅°νμ 26λ§ν
[κ°¤λ­μ‹] Good Rules λ»”ν• μƒκ°μ„ μ ‘λ”λ‹¤ | μ‚Όμ„±μ „μ,4μ£Ό μ „,μ΅°νμ 782λ§ν
[κ°¤λ­μ‹ μ›μΉ6] THE DREAM GOAL - OFFICIAL TRAILER | μ‚Όμ„±μ „μ,1κ°μ›” μ „,μ΅°νμ 32λ§ν
[κ°¤λ­μ‹] Good Rules λ»”ν• μƒκ°μ„ μ ‘λ”λ‹¤ β€“ ν‹°μ € | μ‚Όμ„±μ „μ,1κ°μ›” μ „,μ΅°νμ 938λ§ν
[κ°¤λ­μ‹ Z ν”λ¦½5 | Z ν΄λ“5] All about Switching | μ‚Όμ„±μ „μ,1κ°μ›” μ „,μ΅°νμ 5.9μ²ν
[κ°¤λ­μ‹ μ›μΉ6] κ°¤λ­μ‹ μ›μΉ6 ν΄λμ‹ PXGμ—λ””μ… | μ‚Όμ„±μ „μ,2κ°μ›” μ „,μ΅°νμ 9.1μ²ν
[κ°¤λ­μ‹ μ¤νλ””μ¤] 2023 κ°¤λ­μ‹ ν΄λ“μ»µ | μ‚Όμ„±μ „μ,2κ°μ›” μ „,μ΅°νμ 31λ§ν
[κ°¤λ­μ‹ Z ν”λ¦½5 | Z ν΄λ“5] λ¨λ“  μκ°„μ„ ν•¨κ»ν•λ” κ°¤λ­μ‹ | μ‚Όμ„±μ „μ,2κ°μ›” μ „,μ΅°νμ 7.8μ²ν
[μ‚Όμ„± | ν†°λΈλΌμ΄] κ°¤λ­μ‹ Z ν΄λ“5 ν†°λΈλΌμ΄ μ—λ””μ… | μ‚Όμ„±μ „μ,2κ°μ›” μ „,μ΅°νμ 2.2λ§ν
[κ°¤λ­μ‹ Z ν”λ¦½5] λΉ„μƒ (Fly High) β€“ Official M/V (μ¤νΈλ μ΄ ν‚¤μ¦ μ°½λΉ ver.) | μ‚Όμ„±μ „μ,2κ°μ›” μ „,μ΅°νμ 466λ§ν
[κ°¤λ­μ‹ Z ν”λ¦½5] λΉ„μƒ (Fly High) β€“ Collabo M/V (μ¤λ€ μλ” μ•„μ΄λ“¤ ver.) | μ‚Όμ„±μ „μ,2κ°μ›” μ „,μ΅°νμ 505λ§ν
[κ°¤λ­μ‹ νƒ­ S9] Discover your Tab S9 Cover | μ‚Όμ„±μ „μ,2κ°μ›” μ „,μ΅°νμ 2μ²ν
[κ°¤λ­μ‹ νƒ­ S9] Official Unboxing Film | μ‚Όμ„±μ „μ,2κ°μ›” μ „,μ΅°νμ 1.6μ²ν
[κ°¤λ­μ‹ νƒ­ S9] Official Unveil Film | μ‚Όμ„±μ „μ,2κ°μ›” μ „,μ΅°νμ 3μ²ν
[κ°¤λ­μ‹ Z ν΄λ“5] μ²΄ν— μ¤ν† λ¦¬ - μ΄μ§€μ κ°•μ‚¬ νΈ | μ‚Όμ„±μ „μ,3κ°μ›” μ „,μ΅°νμ 28λ§ν
[κ°¤λ­μ‹ μ¤νλ””μ¤] νμ΄μ»¤μ™€ ν•¨κ»ν•λ” 2023 κ°¤λ­μ‹ ν΄λ“μ»µ μ‹ μ²­ | μ‚Όμ„±μ „μ,3κ°μ›” μ „,μ΅°νμ 5.2λ§ν
[κ°¤λ­μ‹ Z ν΄λ“5] μ²΄ν— μ¤ν† λ¦¬ - μ΄μƒν™” μ„ μ νΈ | μ‚Όμ„±μ „μ,3κ°μ›” μ „,μ΅°νμ 28λ§ν
[κ°¤λ­μ‹ νƒ­ S9] Official Launch Film | μ‚Όμ„±μ „μ,3κ°μ›” μ „,μ΅°νμ 8.3μ²ν
[κ°¤λ­μ‹ μ›μΉ6] Official Launch Film | μ‚Όμ„±μ „μ,3κ°μ›” μ „,μ΅°νμ 1.2λ§ν
[κ°¤λ­μ‹ Z ν΄λ“5] μ²΄ν— μ¤ν† λ¦¬ - μ •μ„Έλ‘ μ‘κ°€ νΈ | μ‚Όμ„±μ „μ,3κ°μ›” μ „,μ΅°νμ 21λ§ν
[κ°¤λ­μ‹ Z ν΄λ“5] Join the ν¥ | μ‚Όμ„±μ „μ,3κ°μ›” μ „,μ΅°νμ 369λ§ν
[κ°¤λ­μ‹ Z ν”λ¦½5] Join the λ©‹ | μ‚Όμ„±μ „μ,3κ°μ›” μ „,μ΅°νμ 439λ§ν
[κ°¤λ­μ‹ Z ν΄λ“5 | Z ν”λ¦½5] λ¬(η«)ν• λ§¤λ ¥μ κ°¤λ­μ‹ | μ‚Όμ„±μ „μ,3κ°μ›” μ „,μ΅°νμ 9.2μ²ν
[κ°¤λ­μ‹ νƒ­ S9] Introduction Film | μ‚Όμ„±μ „μ,3κ°μ›” μ „,μ΅°νμ 9.4μ²ν
[κ°¤λ­μ‹ Z ν”λ¦½5 | νƒ­ S9] Ecosystem Film | μ‚Όμ„±μ „μ,3κ°μ›” μ „,μ΅°νμ 55λ§ν
[κ°¤λ­μ‹ Z ν”λ¦½5 | μ›μΉ6] Ecosystem Film | μ‚Όμ„±μ „μ,3κ°μ›” μ „,μ΅°νμ 4λ§ν
[κ°¤λ­μ‹ Z ν”λ¦½5] λΉ„μƒ(Fly High) - μ¤λ€ μκ² Write Now | μ‚Όμ„±μ „μ,3κ°μ›” μ „,μ΅°νμ 389λ§ν
[κ°¤λ­μ‹ Z ν΄λ“5 | Z ν”λ¦½5] Introduction Film | μ‚Όμ„±μ „μ,3κ°μ›” μ „,μ΅°νμ 2.5λ§ν
[κ°¤λ­μ‹ Z ν΄λ“5] Please Donβ€™t Go | μ‚Όμ„±μ „μ,3κ°μ›” μ „,μ΅°νμ 81λ§ν
[κ°¤λ­μ‹ Z ν”λ¦½5] Donβ€™t Cha? | μ‚Όμ„±μ „μ,3κ°μ›” μ „,μ΅°νμ 63λ§ν
[κ°¤λ­μ‹ μ›μΉ6 ν΄λμ‹] Time for New Classic | μ‚Όμ„±μ „μ,3κ°μ›” μ „,μ΅°νμ 990λ§ν
[κ°¤λ­μ‹ μ›μΉ6] This is My Watch | μ‚Όμ„±μ „μ,3κ°μ›” μ „,μ΅°νμ 927λ§ν
[κ°¤λ­μ‹ νƒ­ S9] νƒ­ ν•λ‚ μ°¨μ΄ β€“ μ„ νƒμ μ°¨μ΄ νΈ | μ‚Όμ„±μ „μ,3κ°μ›” μ „,μ΅°νμ 407λ§ν
[κ°¤λ­μ‹ νƒ­ S9] νƒ­ ν•λ‚ μ°¨μ΄ β€“ κ²°κ³Όμ μ°¨μ΄ νΈ | μ‚Όμ„±μ „μ,3κ°μ›” μ „,μ΅°νμ 179λ§ν
[κ°¤λ­μ‹ Z ν΄λ“5] λ€ν™”λ©΄ & λ©€ν‹°νƒμ¤ν‚Ή νΈ | μ‚Όμ„±μ „μ,3κ°μ›” μ „,μ΅°νμ 308λ§ν
[κ°¤λ­μ‹ Z ν”λ¦½5] ν”λ ‰μ¤ μλ„μ° νΈ | μ‚Όμ„±μ „μ,3κ°μ›” μ „,μ΅°νμ 111λ§ν
[κ°¤λ­μ‹ Z ν”λ¦½5] ν”λ ‰μ¤μΊ  νΈ | μ‚Όμ„±μ „μ,3κ°μ›” μ „,μ΅°νμ 120λ§ν
[κ°¤λ­μ‹] λΉ„μƒ(Fly High) ν‹°μ € | μ‚Όμ„±μ „μ,3κ°μ›” μ „,μ΅°νμ 8.9μ²ν
[κ°¤λ­μ‹] 2023 κ°¤λ­μ‹ μ–Έν© ν‹°μ €ο½μ‚Όμ„±μ „μ,4κ°μ›” μ „,μ΅°νμ 10λ§ν
[κ°¤λ­μ‹] Join the flip side 2 | μ‚Όμ„±μ „μ,4κ°μ›” μ „,μ΅°νμ 67λ§ν
"[κ°¤λ­μ‹] 2023λ…„ 7μ›” 26μΌ, κ°¤λ­μ‹ μ–Έν©ο½μ‚Όμ„±μ „μ",4κ°μ›” μ „,μ΅°νμ 2.1λ§ν
[λΉ„μ¦λ‹μ¤ λ„μ…μ‚¬λ΅€] ν•λΌλ‘λΌ κ°¤λ­μ‹ νƒ­ μ¤λ” μ†”λ£¨μ… | μ‚Όμ„±μ „μ,4κ°μ›” μ „,μ΅°νμ 1.4μ²ν
[Galaxy in WDJF] κ°¤λ­μ‹ X μ›”λ””ν μ• ν”„ν„° λ¬΄λΉ„ | μ‚Όμ„±μ „μ,5κ°μ›” μ „,μ΅°νμ 26λ§ν
"[κ°¤λ­μ‹ Z ν”λ¦½5 | Z ν΄λ“5] κΈμ”μΌ, λ§κ° μ‹κ°„ νΈ | μ‚Όμ„±μ „μ",2μΌ μ „,μ΅°νμ 1.2μ²ν
"[κ°¤λ­μ‹ Z ν”λ¦½5 | Z ν΄λ“5] λ©μ”μΌ, μ‚¬μ§„ μ΄¬μ νΈ | μ‚Όμ„±μ „μ",3μΌ μ „,μ΅°νμ 837ν
[κ°¤λ­μ‹ | λ©”μΆ… λ§λ¥΄μ§€μ—λΌ] κ°¤λ­μ‹ Z ν”λ¦½5 λ©”μΆ… λ§λ¥΄μ§€μ—λΌ μ—λ””μ… | μ‚Όμ„±μ „μ,3μΌ μ „,μ΅°νμ 2.4μ²ν
"[κ°¤λ­μ‹ Z ν”λ¦½5 | Z ν΄λ“5] μμ”μΌ, μ μ‹¬μ μΌμƒ νƒμ¶ νΈ | μ‚Όμ„±μ „μ",4μΌ μ „,μ΅°νμ 897ν
"[κ°¤λ­μ‹ Z ν”λ¦½5 | Z ν΄λ“5] ν™”μ”μΌ, VIP κ³ κ°λ‹ νΈ | μ‚Όμ„±μ „μ",5μΌ μ „,μ΅°νμ 1.2μ²ν
"[κ°¤λ­μ‹ Z ν”λ¦½5 | Z ν΄λ“5] μ›”μ”μΌ, μ›”μ”λ³‘ νΈ | μ‚Όμ„±μ „μ",6μΌ μ „,μ΅°νμ 1.8μ²ν
[κ°¤λ­μ‹] Good Rules λ»”ν• μƒκ°μ„ μ ‘λ”λ‹¤ β€“ Full Version | μ‚Όμ„±μ „μ,2μ£Ό μ „,μ΅°νμ 461λ§ν
[κ°¤λ­μ‹ Z ν”λ¦½5] Galaxy Z Flip5 Retro : Homage to SGH-E700 | μ‚Όμ„±μ „μ,2μ£Ό μ „,μ΅°νμ 3.2μ²ν
[κ°¤λ­μ‹ λ²„μ¦ FE] My Favorite Buds β€“ μ¤λ§νΈμ‹±μ¤ νμΈλ“ νΈ  | μ‚Όμ„±μ „μ,2μ£Ό μ „,μ΅°νμ 391λ§ν
[κ°¤λ­μ‹ λ²„μ¦ FE] My Favorite Buds β€“ μ»¬λλ²„λ μ΄μ… μΌ€μ΄μ¤ νΈ  | μ‚Όμ„±μ „μ,2μ£Ό μ „,μ΅°νμ 423λ§ν
[κ°¤λ­μ‹ μ›μΉ6] THE DREAM GOAL β€“ Full Version | μ‚Όμ„±μ „μ,3μ£Ό μ „,μ΅°νμ 211λ§ν
[κ°¤λ­μ‹ λ²„μ¦ FE] My Favorite Buds | μ‚Όμ„±μ „μ,3μ£Ό μ „,μ΅°νμ 483λ§ν
[κ°¤λ­μ‹ μ›μΉ6] THE DREAM GOAL β€“ Episode 3 | μ‚Όμ„±μ „μ,4μ£Ό μ „,μ΅°νμ 26λ§ν
[κ°¤λ­μ‹ μ›μΉ6] THE DREAM GOAL β€“ Episode 2 | μ‚Όμ„±μ „μ,4μ£Ό μ „,μ΅°νμ 28λ§ν
[κ°¤λ­μ‹ μ›μΉ6] THE DREAM GOAL β€“ Episode 1 | μ‚Όμ„±μ „μ,4μ£Ό μ „,μ΅°νμ 26λ§ν
[κ°¤λ­μ‹] Good Rules λ»”ν• μƒκ°μ„ μ ‘λ”λ‹¤ | μ‚Όμ„±μ „μ,4μ£Ό μ „,μ΅°νμ 782λ§ν
[κ°¤λ­μ‹ μ›μΉ6] THE DREAM GOAL - OFFICIAL TRAILER | μ‚Όμ„±μ „μ,1κ°μ›” μ „,μ΅°νμ 32λ§ν
[κ°¤λ­μ‹] Good Rules λ»”ν• μƒκ°μ„ μ ‘λ”λ‹¤ β€“ ν‹°μ € | μ‚Όμ„±μ „μ,1κ°μ›” μ „,μ΅°νμ 938λ§ν
[κ°¤λ­μ‹ Z ν”λ¦½5 | Z ν΄λ“5] All about Switching | μ‚Όμ„±μ „μ,1κ°μ›” μ „,μ΅°νμ 5.9μ²ν
[κ°¤λ­μ‹ μ›μΉ6] κ°¤λ­μ‹ μ›μΉ6 ν΄λμ‹ PXGμ—λ””μ… | μ‚Όμ„±μ „μ,2κ°μ›” μ „,μ΅°νμ 9.1μ²ν
[κ°¤λ­μ‹ μ¤νλ””μ¤] 2023 κ°¤λ­μ‹ ν΄λ“μ»µ | μ‚Όμ„±μ „μ,2κ°μ›” μ „,μ΅°νμ 31λ§ν
[κ°¤λ­μ‹ Z ν”λ¦½5 | Z ν΄λ“5] λ¨λ“  μκ°„μ„ ν•¨κ»ν•λ” κ°¤λ­μ‹ | μ‚Όμ„±μ „μ,2κ°μ›” μ „,μ΅°νμ 7.8μ²ν
[μ‚Όμ„± | ν†°λΈλΌμ΄] κ°¤λ­μ‹ Z ν΄λ“5 ν†°λΈλΌμ΄ μ—λ””μ… | μ‚Όμ„±μ „μ,2κ°μ›” μ „,μ΅°νμ 2.2λ§ν
[κ°¤λ­μ‹ Z ν”λ¦½5] λΉ„μƒ (Fly High) β€“ Official M/V (μ¤νΈλ μ΄ ν‚¤μ¦ μ°½λΉ ver.) | μ‚Όμ„±μ „μ,2κ°μ›” μ „,μ΅°νμ 466λ§ν
[κ°¤λ­μ‹ Z ν”λ¦½5] λΉ„μƒ (Fly High) β€“ Collabo M/V (μ¤λ€ μλ” μ•„μ΄λ“¤ ver.) | μ‚Όμ„±μ „μ,2κ°μ›” μ „,μ΅°νμ 505λ§ν
[κ°¤λ­μ‹ νƒ­ S9] Discover your Tab S9 Cover | μ‚Όμ„±μ „μ,2κ°μ›” μ „,μ΅°νμ 2μ²ν
[κ°¤λ­μ‹ νƒ­ S9] Official Unboxing Film | μ‚Όμ„±μ „μ,2κ°μ›” μ „,μ΅°νμ 1.6μ²ν
[κ°¤λ­μ‹ νƒ­ S9] Official Unveil Film | μ‚Όμ„±μ „μ,2κ°μ›” μ „,μ΅°νμ 3μ²ν
[κ°¤λ­μ‹ Z ν΄λ“5] μ²΄ν— μ¤ν† λ¦¬ - μ΄μ§€μ κ°•μ‚¬ νΈ | μ‚Όμ„±μ „μ,3κ°μ›” μ „,μ΅°νμ 28λ§ν
[κ°¤λ­μ‹ μ¤νλ””μ¤] νμ΄μ»¤μ™€ ν•¨κ»ν•λ” 2023 κ°¤λ­μ‹ ν΄λ“μ»µ μ‹ μ²­ | μ‚Όμ„±μ „μ,3κ°μ›” μ „,μ΅°νμ 5.2λ§ν
[κ°¤λ­μ‹ Z ν΄λ“5] μ²΄ν— μ¤ν† λ¦¬ - μ΄μƒν™” μ„ μ νΈ | μ‚Όμ„±μ „μ,3κ°μ›” μ „,μ΅°νμ 28λ§ν
[κ°¤λ­μ‹ νƒ­ S9] Official Launch Film | μ‚Όμ„±μ „μ,3κ°μ›” μ „,μ΅°νμ 8.3μ²ν
[κ°¤λ­μ‹ μ›μΉ6] Official Launch Film | μ‚Όμ„±μ „μ,3κ°μ›” μ „,μ΅°νμ 1.2λ§ν
[κ°¤λ­μ‹ Z ν΄λ“5] μ²΄ν— μ¤ν† λ¦¬ - μ •μ„Έλ‘ μ‘κ°€ νΈ | μ‚Όμ„±μ „μ,3κ°μ›” μ „,μ΅°νμ 21λ§ν
[κ°¤λ­μ‹ Z ν΄λ“5] Join the ν¥ | μ‚Όμ„±μ „μ,3κ°μ›” μ „,μ΅°νμ 369λ§ν
[κ°¤λ­μ‹ Z ν”λ¦½5] Join the λ©‹ | μ‚Όμ„±μ „μ,3κ°μ›” μ „,μ΅°νμ 439λ§ν
[κ°¤λ­μ‹ Z ν΄λ“5 | Z ν”λ¦½5] λ¬(η«)ν• λ§¤λ ¥μ κ°¤λ­μ‹ | μ‚Όμ„±μ „μ,3κ°μ›” μ „,μ΅°νμ 9.2μ²ν
[κ°¤λ­μ‹ νƒ­ S9] Introduction Film | μ‚Όμ„±μ „μ,3κ°μ›” μ „,μ΅°νμ 9.4μ²ν
[κ°¤λ­μ‹ Z ν”λ¦½5 | νƒ­ S9] Ecosystem Film | μ‚Όμ„±μ „μ,3κ°μ›” μ „,μ΅°νμ 55λ§ν
[κ°¤λ­μ‹ Z ν”λ¦½5 | μ›μΉ6] Ecosystem Film | μ‚Όμ„±μ „μ,3κ°μ›” μ „,μ΅°νμ 4λ§ν
[κ°¤λ­μ‹ Z ν”λ¦½5] λΉ„μƒ(Fly High) - μ¤λ€ μκ² Write Now | μ‚Όμ„±μ „μ,3κ°μ›” μ „,μ΅°νμ 389λ§ν
[κ°¤λ­μ‹ Z ν΄λ“5 | Z ν”λ¦½5] Introduction Film | μ‚Όμ„±μ „μ,3κ°μ›” μ „,μ΅°νμ 2.5λ§ν
[κ°¤λ­μ‹ Z ν΄λ“5] Please Donβ€™t Go | μ‚Όμ„±μ „μ,3κ°μ›” μ „,μ΅°νμ 81λ§ν
[κ°¤λ­μ‹ Z ν”λ¦½5] Donβ€™t Cha? | μ‚Όμ„±μ „μ,3κ°μ›” μ „,μ΅°νμ 63λ§ν
[κ°¤λ­μ‹ μ›μΉ6 ν΄λμ‹] Time for New Classic | μ‚Όμ„±μ „μ,3κ°μ›” μ „,μ΅°νμ 990λ§ν
[κ°¤λ­μ‹ μ›μΉ6] This is My Watch | μ‚Όμ„±μ „μ,3κ°μ›” μ „,μ΅°νμ 927λ§ν
[κ°¤λ­μ‹ νƒ­ S9] νƒ­ ν•λ‚ μ°¨μ΄ β€“ μ„ νƒμ μ°¨μ΄ νΈ | μ‚Όμ„±μ „μ,3κ°μ›” μ „,μ΅°νμ 407λ§ν
[κ°¤λ­μ‹ νƒ­ S9] νƒ­ ν•λ‚ μ°¨μ΄ β€“ κ²°κ³Όμ μ°¨μ΄ νΈ | μ‚Όμ„±μ „μ,3κ°μ›” μ „,μ΅°νμ 179λ§ν
[κ°¤λ­μ‹ Z ν΄λ“5] λ€ν™”λ©΄ & λ©€ν‹°νƒμ¤ν‚Ή νΈ | μ‚Όμ„±μ „μ,3κ°μ›” μ „,μ΅°νμ 308λ§ν
[κ°¤λ­μ‹ Z ν”λ¦½5] ν”λ ‰μ¤ μλ„μ° νΈ | μ‚Όμ„±μ „μ,3κ°μ›” μ „,μ΅°νμ 111λ§ν
[κ°¤λ­μ‹ Z ν”λ¦½5] ν”λ ‰μ¤μΊ  νΈ | μ‚Όμ„±μ „μ,3κ°μ›” μ „,μ΅°νμ 120λ§ν
[κ°¤λ­μ‹] λΉ„μƒ(Fly High) ν‹°μ € | μ‚Όμ„±μ „μ,3κ°μ›” μ „,μ΅°νμ 8.9μ²ν
[κ°¤λ­μ‹] 2023 κ°¤λ­μ‹ μ–Έν© ν‹°μ €ο½μ‚Όμ„±μ „μ,4κ°μ›” μ „,μ΅°νμ 10λ§ν
[κ°¤λ­μ‹] Join the flip side 2 | μ‚Όμ„±μ „μ,4κ°μ›” μ „,μ΅°νμ 67λ§ν
"[κ°¤λ­μ‹] 2023λ…„ 7μ›” 26μΌ, κ°¤λ­μ‹ μ–Έν©ο½μ‚Όμ„±μ „μ",4κ°μ›” μ „,μ΅°νμ 2.1λ§ν
[λΉ„μ¦λ‹μ¤ λ„μ…μ‚¬λ΅€] ν•λΌλ‘λΌ κ°¤λ­μ‹ νƒ­ μ¤λ” μ†”λ£¨μ… | μ‚Όμ„±μ „μ,4κ°μ›” μ „,μ΅°νμ 1.4μ²ν
[Galaxy in WDJF] κ°¤λ­μ‹ X μ›”λ””ν μ• ν”„ν„° λ¬΄λΉ„ | μ‚Όμ„±μ „μ,5κ°μ›” μ „,μ΅°νμ 26λ§ν
"[κ°¤λ­μ‹ Z ν”λ¦½5 | Z ν΄λ“5] κΈμ”μΌ, λ§κ° μ‹κ°„ νΈ | μ‚Όμ„±μ „μ",2μΌ μ „,μ΅°νμ 1.2μ²ν
"[κ°¤λ­μ‹ Z ν”λ¦½5 | Z ν΄λ“5] λ©μ”μΌ, μ‚¬μ§„ μ΄¬μ νΈ | μ‚Όμ„±μ „μ",3μΌ μ „,μ΅°νμ 837ν
[κ°¤λ­μ‹ | λ©”μΆ… λ§λ¥΄μ§€μ—λΌ] κ°¤λ­μ‹ Z ν”λ¦½5 λ©”μΆ… λ§λ¥΄μ§€μ—λΌ μ—λ””μ… | μ‚Όμ„±μ „μ,3μΌ μ „,μ΅°νμ 2.4μ²ν
"[κ°¤λ­μ‹ Z ν”λ¦½5 | Z ν΄λ“5] μμ”μΌ, μ μ‹¬μ μΌμƒ νƒμ¶ νΈ | μ‚Όμ„±μ „μ",4μΌ μ „,μ΅°νμ 897ν
"[κ°¤λ­μ‹ Z ν”λ¦½5 | Z ν΄λ“5] ν™”μ”μΌ, VIP κ³ κ°λ‹ νΈ | μ‚Όμ„±μ „μ",5μΌ μ „,μ΅°νμ 1.2μ²ν
"[κ°¤λ­μ‹ Z ν”λ¦½5 | Z ν΄λ“5] μ›”μ”μΌ, μ›”μ”λ³‘ νΈ | μ‚Όμ„±μ „μ",6μΌ μ „,μ΅°νμ 1.8μ²ν
[κ°¤λ­μ‹] Good Rules λ»”ν• μƒκ°μ„ μ ‘λ”λ‹¤ β€“ Full Version | μ‚Όμ„±μ „μ,2μ£Ό μ „,μ΅°νμ 461λ§ν
[κ°¤λ­μ‹ Z ν”λ¦½5] Galaxy Z Flip5 Retro : Homage to SGH-E700 | μ‚Όμ„±μ „μ,2μ£Ό μ „,μ΅°νμ 3.2μ²ν
[κ°¤λ­μ‹ λ²„μ¦ FE] My Favorite Buds β€“ μ¤λ§νΈμ‹±μ¤ νμΈλ“ νΈ  | μ‚Όμ„±μ „μ,2μ£Ό μ „,μ΅°νμ 391λ§ν
[κ°¤λ­μ‹ λ²„μ¦ FE] My Favorite Buds β€“ μ»¬λλ²„λ μ΄μ… μΌ€μ΄μ¤ νΈ  | μ‚Όμ„±μ „μ,2μ£Ό μ „,μ΅°νμ 423λ§ν
[κ°¤λ­μ‹ μ›μΉ6] THE DREAM GOAL β€“ Full Version | μ‚Όμ„±μ „μ,3μ£Ό μ „,μ΅°νμ 211λ§ν
[κ°¤λ­μ‹ λ²„μ¦ FE] My Favorite Buds | μ‚Όμ„±μ „μ,3μ£Ό μ „,μ΅°νμ 483λ§ν
[κ°¤λ­μ‹ μ›μΉ6] THE DREAM GOAL β€“ Episode 3 | μ‚Όμ„±μ „μ,4μ£Ό μ „,μ΅°νμ 26λ§ν
[κ°¤λ­μ‹ μ›μΉ6] THE DREAM GOAL β€“ Episode 2 | μ‚Όμ„±μ „μ,4μ£Ό μ „,μ΅°νμ 28λ§ν
[κ°¤λ­μ‹ μ›μΉ6] THE DREAM GOAL β€“ Episode 1 | μ‚Όμ„±μ „μ,4μ£Ό μ „,μ΅°νμ 26λ§ν
[κ°¤λ­μ‹] Good Rules λ»”ν• μƒκ°μ„ μ ‘λ”λ‹¤ | μ‚Όμ„±μ „μ,4μ£Ό μ „,μ΅°νμ 782λ§ν
[κ°¤λ­μ‹ μ›μΉ6] THE DREAM GOAL - OFFICIAL TRAILER | μ‚Όμ„±μ „μ,1κ°μ›” μ „,μ΅°νμ 32λ§ν
[κ°¤λ­μ‹] Good Rules λ»”ν• μƒκ°μ„ μ ‘λ”λ‹¤ β€“ ν‹°μ € | μ‚Όμ„±μ „μ,1κ°μ›” μ „,μ΅°νμ 938λ§ν
[κ°¤λ­μ‹ Z ν”λ¦½5 | Z ν΄λ“5] All about Switching | μ‚Όμ„±μ „μ,1κ°μ›” μ „,μ΅°νμ 5.9μ²ν
[κ°¤λ­μ‹ μ›μΉ6] κ°¤λ­μ‹ μ›μΉ6 ν΄λμ‹ PXGμ—λ””μ… | μ‚Όμ„±μ „μ,2κ°μ›” μ „,μ΅°νμ 9.1μ²ν
[κ°¤λ­μ‹ μ¤νλ””μ¤] 2023 κ°¤λ­μ‹ ν΄λ“μ»µ | μ‚Όμ„±μ „μ,2κ°μ›” μ „,μ΅°νμ 31λ§ν
[κ°¤λ­μ‹ Z ν”λ¦½5 | Z ν΄λ“5] λ¨λ“  μκ°„μ„ ν•¨κ»ν•λ” κ°¤λ­μ‹ | μ‚Όμ„±μ „μ,2κ°μ›” μ „,μ΅°νμ 7.8μ²ν
[μ‚Όμ„± | ν†°λΈλΌμ΄] κ°¤λ­μ‹ Z ν΄λ“5 ν†°λΈλΌμ΄ μ—λ””μ… | μ‚Όμ„±μ „μ,2κ°μ›” μ „,μ΅°νμ 2.2λ§ν
[κ°¤λ­μ‹ Z ν”λ¦½5] λΉ„μƒ (Fly High) β€“ Official M/V (μ¤νΈλ μ΄ ν‚¤μ¦ μ°½λΉ ver.) | μ‚Όμ„±μ „μ,2κ°μ›” μ „,μ΅°νμ 466λ§ν
[κ°¤λ­μ‹ Z ν”λ¦½5] λΉ„μƒ (Fly High) β€“ Collabo M/V (μ¤λ€ μλ” μ•„μ΄λ“¤ ver.) | μ‚Όμ„±μ „μ,2κ°μ›” μ „,μ΅°νμ 505λ§ν
[κ°¤λ­μ‹ νƒ­ S9] Discover your Tab S9 Cover | μ‚Όμ„±μ „μ,2κ°μ›” μ „,μ΅°νμ 2μ²ν
[κ°¤λ­μ‹ νƒ­ S9] Official Unboxing Film | μ‚Όμ„±μ „μ,2κ°μ›” μ „,μ΅°νμ 1.6μ²ν
[κ°¤λ­μ‹ νƒ­ S9] Official Unveil Film | μ‚Όμ„±μ „μ,2κ°μ›” μ „,μ΅°νμ 3μ²ν
[κ°¤λ­μ‹ Z ν΄λ“5] μ²΄ν— μ¤ν† λ¦¬ - μ΄μ§€μ κ°•μ‚¬ νΈ | μ‚Όμ„±μ „μ,3κ°μ›” μ „,μ΅°νμ 28λ§ν
[κ°¤λ­μ‹ μ¤νλ””μ¤] νμ΄μ»¤μ™€ ν•¨κ»ν•λ” 2023 κ°¤λ­μ‹ ν΄λ“μ»µ μ‹ μ²­ | μ‚Όμ„±μ „μ,3κ°μ›” μ „,μ΅°νμ 5.2λ§ν
[κ°¤λ­μ‹ Z ν΄λ“5] μ²΄ν— μ¤ν† λ¦¬ - μ΄μƒν™” μ„ μ νΈ | μ‚Όμ„±μ „μ,3κ°μ›” μ „,μ΅°νμ 28λ§ν
[κ°¤λ­μ‹ νƒ­ S9] Official Launch Film | μ‚Όμ„±μ „μ,3κ°μ›” μ „,μ΅°νμ 8.3μ²ν
[κ°¤λ­μ‹ μ›μΉ6] Official Launch Film | μ‚Όμ„±μ „μ,3κ°μ›” μ „,μ΅°νμ 1.2λ§ν
[κ°¤λ­μ‹ Z ν΄λ“5] μ²΄ν— μ¤ν† λ¦¬ - μ •μ„Έλ‘ μ‘κ°€ νΈ | μ‚Όμ„±μ „μ,3κ°μ›” μ „,μ΅°νμ 21λ§ν
[κ°¤λ­μ‹ Z ν΄λ“5] Join the ν¥ | μ‚Όμ„±μ „μ,3κ°μ›” μ „,μ΅°νμ 369λ§ν
[κ°¤λ­μ‹ Z ν”λ¦½5] Join the λ©‹ | μ‚Όμ„±μ „μ,3κ°μ›” μ „,μ΅°νμ 439λ§ν
[κ°¤λ­μ‹ Z ν΄λ“5 | Z ν”λ¦½5] λ¬(η«)ν• λ§¤λ ¥μ κ°¤λ­μ‹ | μ‚Όμ„±μ „μ,3κ°μ›” μ „,μ΅°νμ 9.2μ²ν
[κ°¤λ­μ‹ νƒ­ S9] Introduction Film | μ‚Όμ„±μ „μ,3κ°μ›” μ „,μ΅°νμ 9.4μ²ν
[κ°¤λ­μ‹ Z ν”λ¦½5 | νƒ­ S9] Ecosystem Film | μ‚Όμ„±μ „μ,3κ°μ›” μ „,μ΅°νμ 55λ§ν
[κ°¤λ­μ‹ Z ν”λ¦½5 | μ›μΉ6] Ecosystem Film | μ‚Όμ„±μ „μ,3κ°μ›” μ „,μ΅°νμ 4λ§ν
[κ°¤λ­μ‹ Z ν”λ¦½5] λΉ„μƒ(Fly High) - μ¤λ€ μκ² Write Now | μ‚Όμ„±μ „μ,3κ°μ›” μ „,μ΅°νμ 389λ§ν
[κ°¤λ­μ‹ Z ν΄λ“5 | Z ν”λ¦½5] Introduction Film | μ‚Όμ„±μ „μ,3κ°μ›” μ „,μ΅°νμ 2.5λ§ν
[κ°¤λ­μ‹ Z ν΄λ“5] Please Donβ€™t Go | μ‚Όμ„±μ „μ,3κ°μ›” μ „,μ΅°νμ 81λ§ν
[κ°¤λ­μ‹ Z ν”λ¦½5] Donβ€™t Cha? | μ‚Όμ„±μ „μ,3κ°μ›” μ „,μ΅°νμ 63λ§ν
[κ°¤λ­μ‹ μ›μΉ6 ν΄λμ‹] Time for New Classic | μ‚Όμ„±μ „μ,3κ°μ›” μ „,μ΅°νμ 990λ§ν
[κ°¤λ­μ‹ μ›μΉ6] This is My Watch | μ‚Όμ„±μ „μ,3κ°μ›” μ „,μ΅°νμ 927λ§ν
[κ°¤λ­μ‹ νƒ­ S9] νƒ­ ν•λ‚ μ°¨μ΄ β€“ μ„ νƒμ μ°¨μ΄ νΈ | μ‚Όμ„±μ „μ,3κ°μ›” μ „,μ΅°νμ 407λ§ν
[κ°¤λ­μ‹ νƒ­ S9] νƒ­ ν•λ‚ μ°¨μ΄ β€“ κ²°κ³Όμ μ°¨μ΄ νΈ | μ‚Όμ„±μ „μ,3κ°μ›” μ „,μ΅°νμ 179λ§ν
[κ°¤λ­μ‹ Z ν΄λ“5] λ€ν™”λ©΄ & λ©€ν‹°νƒμ¤ν‚Ή νΈ | μ‚Όμ„±μ „μ,3κ°μ›” μ „,μ΅°νμ 308λ§ν
[κ°¤λ­μ‹ Z ν”λ¦½5] ν”λ ‰μ¤ μλ„μ° νΈ | μ‚Όμ„±μ „μ,3κ°μ›” μ „,μ΅°νμ 111λ§ν
[κ°¤λ­μ‹ Z ν”λ¦½5] ν”λ ‰μ¤μΊ  νΈ | μ‚Όμ„±μ „μ,3κ°μ›” μ „,μ΅°νμ 120λ§ν
[κ°¤λ­μ‹] λΉ„μƒ(Fly High) ν‹°μ € | μ‚Όμ„±μ „μ,3κ°μ›” μ „,μ΅°νμ 8.9μ²ν
[κ°¤λ­μ‹] 2023 κ°¤λ­μ‹ μ–Έν© ν‹°μ €ο½μ‚Όμ„±μ „μ,4κ°μ›” μ „,μ΅°νμ 10λ§ν
[κ°¤λ­μ‹] Join the flip side 2 | μ‚Όμ„±μ „μ,4κ°μ›” μ „,μ΅°νμ 67λ§ν
"[κ°¤λ­μ‹] 2023λ…„ 7μ›” 26μΌ, κ°¤λ­μ‹ μ–Έν©ο½μ‚Όμ„±μ „μ",4κ°μ›” μ „,μ΅°νμ 2.1λ§ν
[λΉ„μ¦λ‹μ¤ λ„μ…μ‚¬λ΅€] ν•λΌλ‘λΌ κ°¤λ­μ‹ νƒ­ μ¤λ” μ†”λ£¨μ… | μ‚Όμ„±μ „μ,4κ°μ›” μ „,μ΅°νμ 1.4μ²ν
[Galaxy in WDJF] κ°¤λ­μ‹ X μ›”λ””ν μ• ν”„ν„° λ¬΄λΉ„ | μ‚Όμ„±μ „μ,5κ°μ›” μ „,μ΅°νμ 26λ§ν
[κ°¤λ­μ‹ λ²„μ¦2 ν”„λ΅] ν”„λ΅κ°€ μ¶”μ²ν•λ” Pro (Full ver.) β€“ BTS SUGA | μ‚Όμ„±μ „μ,6κ°μ›” μ „,μ΅°νμ 25λ§ν
[κ°¤λ­μ‹] Good Rules π™π¤π | μ‚Όμ„±μ „μ,6κ°μ›” μ „,μ΅°νμ 380λ§ν
[κ°¤λ­μ‹] Good Rules πβ›οΈβ™»οΈπ | μ‚Όμ„±μ „μ,6κ°μ›” μ „,μ΅°νμ 382λ§ν
[κ°¤λ­μ‹] Good Rules (Full ver.) | μ‚Όμ„±μ „μ,6κ°μ›” μ „,μ΅°νμ 371λ§ν
"[Galaxy in WDJF] κ°¤λ­μ‹, μ›”λ””νλ‘ λ§λ‚¬λ‹¤κ³ ?  | μ‚Όμ„±μ „μ",6κ°μ›” μ „,μ΅°νμ 232λ§ν
"[κ°¤λ­μ‹ Z ν”λ¦½5 | Z ν΄λ“5] κΈμ”μΌ, λ§κ° μ‹κ°„ νΈ | μ‚Όμ„±μ „μ",2μΌ μ „,μ΅°νμ 1.2μ²ν
"[κ°¤λ­μ‹ Z ν”λ¦½5 | Z ν΄λ“5] λ©μ”μΌ, μ‚¬μ§„ μ΄¬μ νΈ | μ‚Όμ„±μ „μ",3μΌ μ „,μ΅°νμ 837ν
[κ°¤λ­μ‹ | λ©”μΆ… λ§λ¥΄μ§€μ—λΌ] κ°¤λ­μ‹ Z ν”λ¦½5 λ©”μΆ… λ§λ¥΄μ§€μ—λΌ μ—λ””μ… | μ‚Όμ„±μ „μ,3μΌ μ „,μ΅°νμ 2.4μ²ν
"[κ°¤λ­μ‹ Z ν”λ¦½5 | Z ν΄λ“5] μμ”μΌ, μ μ‹¬μ μΌμƒ νƒμ¶ νΈ | μ‚Όμ„±μ „μ",4μΌ μ „,μ΅°νμ 897ν
"[κ°¤λ­μ‹ Z ν”λ¦½5 | Z ν΄λ“5] ν™”μ”μΌ, VIP κ³ κ°λ‹ νΈ | μ‚Όμ„±μ „μ",5μΌ μ „,μ΅°νμ 1.2μ²ν
"[κ°¤λ­μ‹ Z ν”λ¦½5 | Z ν΄λ“5] μ›”μ”μΌ, μ›”μ”λ³‘ νΈ | μ‚Όμ„±μ „μ",6μΌ μ „,μ΅°νμ 1.8μ²ν
[κ°¤λ­μ‹] Good Rules λ»”ν• μƒκ°μ„ μ ‘λ”λ‹¤ β€“ Full Version | μ‚Όμ„±μ „μ,2μ£Ό μ „,μ΅°νμ 461λ§ν
[κ°¤λ­μ‹ Z ν”λ¦½5] Galaxy Z Flip5 Retro : Homage to SGH-E700 | μ‚Όμ„±μ „μ,2μ£Ό μ „,μ΅°νμ 3.2μ²ν
[κ°¤λ­μ‹ λ²„μ¦ FE] My Favorite Buds β€“ μ¤λ§νΈμ‹±μ¤ νμΈλ“ νΈ  | μ‚Όμ„±μ „μ,2μ£Ό μ „,μ΅°νμ 391λ§ν
[κ°¤λ­μ‹ λ²„μ¦ FE] My Favorite Buds β€“ μ»¬λλ²„λ μ΄μ… μΌ€μ΄μ¤ νΈ  | μ‚Όμ„±μ „μ,2μ£Ό μ „,μ΅°νμ 423λ§ν
[κ°¤λ­μ‹ μ›μΉ6] THE DREAM GOAL β€“ Full Version | μ‚Όμ„±μ „μ,3μ£Ό μ „,μ΅°νμ 211λ§ν
[κ°¤λ­μ‹ λ²„μ¦ FE] My Favorite Buds | μ‚Όμ„±μ „μ,3μ£Ό μ „,μ΅°νμ 483λ§ν
[κ°¤λ­μ‹ μ›μΉ6] THE DREAM GOAL β€“ Episode 3 | μ‚Όμ„±μ „μ,4μ£Ό μ „,μ΅°νμ 26λ§ν
[κ°¤λ­μ‹ μ›μΉ6] THE DREAM GOAL β€“ Episode 2 | μ‚Όμ„±μ „μ,4μ£Ό μ „,μ΅°νμ 28λ§ν
[κ°¤λ­μ‹ μ›μΉ6] THE DREAM GOAL β€“ Episode 1 | μ‚Όμ„±μ „μ,4μ£Ό μ „,μ΅°νμ 26λ§ν
[κ°¤λ­μ‹] Good Rules λ»”ν• μƒκ°μ„ μ ‘λ”λ‹¤ | μ‚Όμ„±μ „μ,4μ£Ό μ „,μ΅°νμ 782λ§ν
[κ°¤λ­μ‹ μ›μΉ6] THE DREAM GOAL - OFFICIAL TRAILER | μ‚Όμ„±μ „μ,1κ°μ›” μ „,μ΅°νμ 32λ§ν
[κ°¤λ­μ‹] Good Rules λ»”ν• μƒκ°μ„ μ ‘λ”λ‹¤ β€“ ν‹°μ € | μ‚Όμ„±μ „μ,1κ°μ›” μ „,μ΅°νμ 938λ§ν
[κ°¤λ­μ‹ Z ν”λ¦½5 | Z ν΄λ“5] All about Switching | μ‚Όμ„±μ „μ,1κ°μ›” μ „,μ΅°νμ 5.9μ²ν
[κ°¤λ­μ‹ μ›μΉ6] κ°¤λ­μ‹ μ›μΉ6 ν΄λμ‹ PXGμ—λ””μ… | μ‚Όμ„±μ „μ,2κ°μ›” μ „,μ΅°νμ 9.1μ²ν
[κ°¤λ­μ‹ μ¤νλ””μ¤] 2023 κ°¤λ­μ‹ ν΄λ“μ»µ | μ‚Όμ„±μ „μ,2κ°μ›” μ „,μ΅°νμ 31λ§ν
[κ°¤λ­μ‹ Z ν”λ¦½5 | Z ν΄λ“5] λ¨λ“  μκ°„μ„ ν•¨κ»ν•λ” κ°¤λ­μ‹ | μ‚Όμ„±μ „μ,2κ°μ›” μ „,μ΅°νμ 7.8μ²ν
[μ‚Όμ„± | ν†°λΈλΌμ΄] κ°¤λ­μ‹ Z ν΄λ“5 ν†°λΈλΌμ΄ μ—λ””μ… | μ‚Όμ„±μ „μ,2κ°μ›” μ „,μ΅°νμ 2.2λ§ν
[κ°¤λ­μ‹ Z ν”λ¦½5] λΉ„μƒ (Fly High) β€“ Official M/V (μ¤νΈλ μ΄ ν‚¤μ¦ μ°½λΉ ver.) | μ‚Όμ„±μ „μ,2κ°μ›” μ „,μ΅°νμ 466λ§ν
[κ°¤λ­μ‹ Z ν”λ¦½5] λΉ„μƒ (Fly High) β€“ Collabo M/V (μ¤λ€ μλ” μ•„μ΄λ“¤ ver.) | μ‚Όμ„±μ „μ,2κ°μ›” μ „,μ΅°νμ 505λ§ν
[κ°¤λ­μ‹ νƒ­ S9] Discover your Tab S9 Cover | μ‚Όμ„±μ „μ,2κ°μ›” μ „,μ΅°νμ 2μ²ν
[κ°¤λ­μ‹ νƒ­ S9] Official Unboxing Film | μ‚Όμ„±μ „μ,2κ°μ›” μ „,μ΅°νμ 1.6μ²ν
[κ°¤λ­μ‹ νƒ­ S9] Official Unveil Film | μ‚Όμ„±μ „μ,2κ°μ›” μ „,μ΅°νμ 3μ²ν
[κ°¤λ­μ‹ Z ν΄λ“5] μ²΄ν— μ¤ν† λ¦¬ - μ΄μ§€μ κ°•μ‚¬ νΈ | μ‚Όμ„±μ „μ,3κ°μ›” μ „,μ΅°νμ 28λ§ν
[κ°¤λ­μ‹ μ¤νλ””μ¤] νμ΄μ»¤μ™€ ν•¨κ»ν•λ” 2023 κ°¤λ­μ‹ ν΄λ“μ»µ μ‹ μ²­ | μ‚Όμ„±μ „μ,3κ°μ›” μ „,μ΅°νμ 5.2λ§ν
[κ°¤λ­μ‹ Z ν΄λ“5] μ²΄ν— μ¤ν† λ¦¬ - μ΄μƒν™” μ„ μ νΈ | μ‚Όμ„±μ „μ,3κ°μ›” μ „,μ΅°νμ 28λ§ν
[κ°¤λ­μ‹ νƒ­ S9] Official Launch Film | μ‚Όμ„±μ „μ,3κ°μ›” μ „,μ΅°νμ 8.3μ²ν
[κ°¤λ­μ‹ μ›μΉ6] Official Launch Film | μ‚Όμ„±μ „μ,3κ°μ›” μ „,μ΅°νμ 1.2λ§ν
[κ°¤λ­μ‹ Z ν΄λ“5] μ²΄ν— μ¤ν† λ¦¬ - μ •μ„Έλ‘ μ‘κ°€ νΈ | μ‚Όμ„±μ „μ,3κ°μ›” μ „,μ΅°νμ 21λ§ν
[κ°¤λ­μ‹ Z ν΄λ“5] Join the ν¥ | μ‚Όμ„±μ „μ,3κ°μ›” μ „,μ΅°νμ 369λ§ν
[κ°¤λ­μ‹ Z ν”λ¦½5] Join the λ©‹ | μ‚Όμ„±μ „μ,3κ°μ›” μ „,μ΅°νμ 439λ§ν
[κ°¤λ­μ‹ Z ν΄λ“5 | Z ν”λ¦½5] λ¬(η«)ν• λ§¤λ ¥μ κ°¤λ­μ‹ | μ‚Όμ„±μ „μ,3κ°μ›” μ „,μ΅°νμ 9.2μ²ν
[κ°¤λ­μ‹ νƒ­ S9] Introduction Film | μ‚Όμ„±μ „μ,3κ°μ›” μ „,μ΅°νμ 9.4μ²ν
[κ°¤λ­μ‹ Z ν”λ¦½5 | νƒ­ S9] Ecosystem Film | μ‚Όμ„±μ „μ,3κ°μ›” μ „,μ΅°νμ 55λ§ν
[κ°¤λ­μ‹ Z ν”λ¦½5 | μ›μΉ6] Ecosystem Film | μ‚Όμ„±μ „μ,3κ°μ›” μ „,μ΅°νμ 4λ§ν
[κ°¤λ­μ‹ Z ν”λ¦½5] λΉ„μƒ(Fly High) - μ¤λ€ μκ² Write Now | μ‚Όμ„±μ „μ,3κ°μ›” μ „,μ΅°νμ 389λ§ν
[κ°¤λ­μ‹ Z ν΄λ“5 | Z ν”λ¦½5] Introduction Film | μ‚Όμ„±μ „μ,3κ°μ›” μ „,μ΅°νμ 2.5λ§ν
[κ°¤λ­μ‹ Z ν΄λ“5] Please Donβ€™t Go | μ‚Όμ„±μ „μ,3κ°μ›” μ „,μ΅°νμ 81λ§ν
[κ°¤λ­μ‹ Z ν”λ¦½5] Donβ€™t Cha? | μ‚Όμ„±μ „μ,3κ°μ›” μ „,μ΅°νμ 63λ§ν
[κ°¤λ­μ‹ μ›μΉ6 ν΄λμ‹] Time for New Classic | μ‚Όμ„±μ „μ,3κ°μ›” μ „,μ΅°νμ 990λ§ν
[κ°¤λ­μ‹ μ›μΉ6] This is My Watch | μ‚Όμ„±μ „μ,3κ°μ›” μ „,μ΅°νμ 927λ§ν
[κ°¤λ­μ‹ νƒ­ S9] νƒ­ ν•λ‚ μ°¨μ΄ β€“ μ„ νƒμ μ°¨μ΄ νΈ | μ‚Όμ„±μ „μ,3κ°μ›” μ „,μ΅°νμ 407λ§ν
[κ°¤λ­μ‹ νƒ­ S9] νƒ­ ν•λ‚ μ°¨μ΄ β€“ κ²°κ³Όμ μ°¨μ΄ νΈ | μ‚Όμ„±μ „μ,3κ°μ›” μ „,μ΅°νμ 179λ§ν
[κ°¤λ­μ‹ Z ν΄λ“5] λ€ν™”λ©΄ & λ©€ν‹°νƒμ¤ν‚Ή νΈ | μ‚Όμ„±μ „μ,3κ°μ›” μ „,μ΅°νμ 308λ§ν
[κ°¤λ­μ‹ Z ν”λ¦½5] ν”λ ‰μ¤ μλ„μ° νΈ | μ‚Όμ„±μ „μ,3κ°μ›” μ „,μ΅°νμ 111λ§ν
[κ°¤λ­μ‹ Z ν”λ¦½5] ν”λ ‰μ¤μΊ  νΈ | μ‚Όμ„±μ „μ,3κ°μ›” μ „,μ΅°νμ 120λ§ν
[κ°¤λ­μ‹] λΉ„μƒ(Fly High) ν‹°μ € | μ‚Όμ„±μ „μ,3κ°μ›” μ „,μ΅°νμ 8.9μ²ν
[κ°¤λ­μ‹] 2023 κ°¤λ­μ‹ μ–Έν© ν‹°μ €ο½μ‚Όμ„±μ „μ,4κ°μ›” μ „,μ΅°νμ 10λ§ν
[κ°¤λ­μ‹] Join the flip side 2 | μ‚Όμ„±μ „μ,4κ°μ›” μ „,μ΅°νμ 67λ§ν
"[κ°¤λ­μ‹] 2023λ…„ 7μ›” 26μΌ, κ°¤λ­μ‹ μ–Έν©ο½μ‚Όμ„±μ „μ",4κ°μ›” μ „,μ΅°νμ 2.1λ§ν
[λΉ„μ¦λ‹μ¤ λ„μ…μ‚¬λ΅€] ν•λΌλ‘λΌ κ°¤λ­μ‹ νƒ­ μ¤λ” μ†”λ£¨μ… | μ‚Όμ„±μ „μ,4κ°μ›” μ „,μ΅°νμ 1.4μ²ν
[Galaxy in WDJF] κ°¤λ­μ‹ X μ›”λ””ν μ• ν”„ν„° λ¬΄λΉ„ | μ‚Όμ„±μ „μ,5κ°μ›” μ „,μ΅°νμ 26λ§ν
[κ°¤λ­μ‹ λ²„μ¦2 ν”„λ΅] ν”„λ΅κ°€ μ¶”μ²ν•λ” Pro (Full ver.) β€“ BTS SUGA | μ‚Όμ„±μ „μ,6κ°μ›” μ „,μ΅°νμ 25λ§ν
[κ°¤λ­μ‹] Good Rules π™π¤π | μ‚Όμ„±μ „μ,6κ°μ›” μ „,μ΅°νμ 380λ§ν
[κ°¤λ­μ‹] Good Rules πβ›οΈβ™»οΈπ | μ‚Όμ„±μ „μ,6κ°μ›” μ „,μ΅°νμ 382λ§ν
[κ°¤λ­μ‹] Good Rules (Full ver.) | μ‚Όμ„±μ „μ,6κ°μ›” μ „,μ΅°νμ 371λ§ν
"[Galaxy in WDJF] κ°¤λ­μ‹, μ›”λ””νλ‘ λ§λ‚¬λ‹¤κ³ ?  | μ‚Όμ„±μ „μ",6κ°μ›” μ „,μ΅°νμ 232λ§ν
"[κ°¤λ­μ‹ Z ν”λ¦½5 | Z ν΄λ“5] κΈμ”μΌ, λ§κ° μ‹κ°„ νΈ | μ‚Όμ„±μ „μ",2μΌ μ „,μ΅°νμ 1.2μ²ν
"[κ°¤λ­μ‹ Z ν”λ¦½5 | Z ν΄λ“5] λ©μ”μΌ, μ‚¬μ§„ μ΄¬μ νΈ | μ‚Όμ„±μ „μ",3μΌ μ „,μ΅°νμ 837ν
[κ°¤λ­μ‹ | λ©”μΆ… λ§λ¥΄μ§€μ—λΌ] κ°¤λ­μ‹ Z ν”λ¦½5 λ©”μΆ… λ§λ¥΄μ§€μ—λΌ μ—λ””μ… | μ‚Όμ„±μ „μ,3μΌ μ „,μ΅°νμ 2.4μ²ν
"[κ°¤λ­μ‹ Z ν”λ¦½5 | Z ν΄λ“5] μμ”μΌ, μ μ‹¬μ μΌμƒ νƒμ¶ νΈ | μ‚Όμ„±μ „μ",4μΌ μ „,μ΅°νμ 897ν
"[κ°¤λ­μ‹ Z ν”λ¦½5 | Z ν΄λ“5] ν™”μ”μΌ, VIP κ³ κ°λ‹ νΈ | μ‚Όμ„±μ „μ",5μΌ μ „,μ΅°νμ 1.2μ²ν
"[κ°¤λ­μ‹ Z ν”λ¦½5 | Z ν΄λ“5] μ›”μ”μΌ, μ›”μ”λ³‘ νΈ | μ‚Όμ„±μ „μ",6μΌ μ „,μ΅°νμ 1.8μ²ν
[κ°¤λ­μ‹] Good Rules λ»”ν• μƒκ°μ„ μ ‘λ”λ‹¤ β€“ Full Version | μ‚Όμ„±μ „μ,2μ£Ό μ „,μ΅°νμ 461λ§ν
[κ°¤λ­μ‹ Z ν”λ¦½5] Galaxy Z Flip5 Retro : Homage to SGH-E700 | μ‚Όμ„±μ „μ,2μ£Ό μ „,μ΅°νμ 3.2μ²ν
[κ°¤λ­μ‹ λ²„μ¦ FE] My Favorite Buds β€“ μ¤λ§νΈμ‹±μ¤ νμΈλ“ νΈ  | μ‚Όμ„±μ „μ,2μ£Ό μ „,μ΅°νμ 391λ§ν
[κ°¤λ­μ‹ λ²„μ¦ FE] My Favorite Buds β€“ μ»¬λλ²„λ μ΄μ… μΌ€μ΄μ¤ νΈ  | μ‚Όμ„±μ „μ,2μ£Ό μ „,μ΅°νμ 423λ§ν
[κ°¤λ­μ‹ μ›μΉ6] THE DREAM GOAL β€“ Full Version | μ‚Όμ„±μ „μ,3μ£Ό μ „,μ΅°νμ 211λ§ν
[κ°¤λ­μ‹ λ²„μ¦ FE] My Favorite Buds | μ‚Όμ„±μ „μ,3μ£Ό μ „,μ΅°νμ 483λ§ν
[κ°¤λ­μ‹ μ›μΉ6] THE DREAM GOAL β€“ Episode 3 | μ‚Όμ„±μ „μ,4μ£Ό μ „,μ΅°νμ 26λ§ν
[κ°¤λ­μ‹ μ›μΉ6] THE DREAM GOAL β€“ Episode 2 | μ‚Όμ„±μ „μ,4μ£Ό μ „,μ΅°νμ 28λ§ν
[κ°¤λ­μ‹ μ›μΉ6] THE DREAM GOAL β€“ Episode 1 | μ‚Όμ„±μ „μ,4μ£Ό μ „,μ΅°νμ 26λ§ν
[κ°¤λ­μ‹] Good Rules λ»”ν• μƒκ°μ„ μ ‘λ”λ‹¤ | μ‚Όμ„±μ „μ,4μ£Ό μ „,μ΅°νμ 782λ§ν
[κ°¤λ­μ‹ μ›μΉ6] THE DREAM GOAL - OFFICIAL TRAILER | μ‚Όμ„±μ „μ,1κ°μ›” μ „,μ΅°νμ 32λ§ν
[κ°¤λ­μ‹] Good Rules λ»”ν• μƒκ°μ„ μ ‘λ”λ‹¤ β€“ ν‹°μ € | μ‚Όμ„±μ „μ,1κ°μ›” μ „,μ΅°νμ 938λ§ν
[κ°¤λ­μ‹ Z ν”λ¦½5 | Z ν΄λ“5] All about Switching | μ‚Όμ„±μ „μ,1κ°μ›” μ „,μ΅°νμ 5.9μ²ν
[κ°¤λ­μ‹ μ›μΉ6] κ°¤λ­μ‹ μ›μΉ6 ν΄λμ‹ PXGμ—λ””μ… | μ‚Όμ„±μ „μ,2κ°μ›” μ „,μ΅°νμ 9.1μ²ν
[κ°¤λ­μ‹ μ¤νλ””μ¤] 2023 κ°¤λ­μ‹ ν΄λ“μ»µ | μ‚Όμ„±μ „μ,2κ°μ›” μ „,μ΅°νμ 31λ§ν
[κ°¤λ­μ‹ Z ν”λ¦½5 | Z ν΄λ“5] λ¨λ“  μκ°„μ„ ν•¨κ»ν•λ” κ°¤λ­μ‹ | μ‚Όμ„±μ „μ,2κ°μ›” μ „,μ΅°νμ 7.8μ²ν
[μ‚Όμ„± | ν†°λΈλΌμ΄] κ°¤λ­μ‹ Z ν΄λ“5 ν†°λΈλΌμ΄ μ—λ””μ… | μ‚Όμ„±μ „μ,2κ°μ›” μ „,μ΅°νμ 2.2λ§ν
[κ°¤λ­μ‹ Z ν”λ¦½5] λΉ„μƒ (Fly High) β€“ Official M/V (μ¤νΈλ μ΄ ν‚¤μ¦ μ°½λΉ ver.) | μ‚Όμ„±μ „μ,2κ°μ›” μ „,μ΅°νμ 466λ§ν
[κ°¤λ­μ‹ Z ν”λ¦½5] λΉ„μƒ (Fly High) β€“ Collabo M/V (μ¤λ€ μλ” μ•„μ΄λ“¤ ver.) | μ‚Όμ„±μ „μ,2κ°μ›” μ „,μ΅°νμ 505λ§ν
[κ°¤λ­μ‹ νƒ­ S9] Discover your Tab S9 Cover | μ‚Όμ„±μ „μ,2κ°μ›” μ „,μ΅°νμ 2μ²ν
[κ°¤λ­μ‹ νƒ­ S9] Official Unboxing Film | μ‚Όμ„±μ „μ,2κ°μ›” μ „,μ΅°νμ 1.6μ²ν
[κ°¤λ­μ‹ νƒ­ S9] Official Unveil Film | μ‚Όμ„±μ „μ,2κ°μ›” μ „,μ΅°νμ 3μ²ν
[κ°¤λ­μ‹ Z ν΄λ“5] μ²΄ν— μ¤ν† λ¦¬ - μ΄μ§€μ κ°•μ‚¬ νΈ | μ‚Όμ„±μ „μ,3κ°μ›” μ „,μ΅°νμ 28λ§ν
[κ°¤λ­μ‹ μ¤νλ””μ¤] νμ΄μ»¤μ™€ ν•¨κ»ν•λ” 2023 κ°¤λ­μ‹ ν΄λ“μ»µ μ‹ μ²­ | μ‚Όμ„±μ „μ,3κ°μ›” μ „,μ΅°νμ 5.2λ§ν
[κ°¤λ­μ‹ Z ν΄λ“5] μ²΄ν— μ¤ν† λ¦¬ - μ΄μƒν™” μ„ μ νΈ | μ‚Όμ„±μ „μ,3κ°μ›” μ „,μ΅°νμ 28λ§ν
[κ°¤λ­μ‹ νƒ­ S9] Official Launch Film | μ‚Όμ„±μ „μ,3κ°μ›” μ „,μ΅°νμ 8.3μ²ν
[κ°¤λ­μ‹ μ›μΉ6] Official Launch Film | μ‚Όμ„±μ „μ,3κ°μ›” μ „,μ΅°νμ 1.2λ§ν
[κ°¤λ­μ‹ Z ν΄λ“5] μ²΄ν— μ¤ν† λ¦¬ - μ •μ„Έλ‘ μ‘κ°€ νΈ | μ‚Όμ„±μ „μ,3κ°μ›” μ „,μ΅°νμ 21λ§ν
[κ°¤λ­μ‹ Z ν΄λ“5] Join the ν¥ | μ‚Όμ„±μ „μ,3κ°μ›” μ „,μ΅°νμ 369λ§ν
[κ°¤λ­μ‹ Z ν”λ¦½5] Join the λ©‹ | μ‚Όμ„±μ „μ,3κ°μ›” μ „,μ΅°νμ 439λ§ν
[κ°¤λ­μ‹ Z ν΄λ“5 | Z ν”λ¦½5] λ¬(η«)ν• λ§¤λ ¥μ κ°¤λ­μ‹ | μ‚Όμ„±μ „μ,3κ°μ›” μ „,μ΅°νμ 9.2μ²ν
[κ°¤λ­μ‹ νƒ­ S9] Introduction Film | μ‚Όμ„±μ „μ,3κ°μ›” μ „,μ΅°νμ 9.4μ²ν
[κ°¤λ­μ‹ Z ν”λ¦½5 | νƒ­ S9] Ecosystem Film | μ‚Όμ„±μ „μ,3κ°μ›” μ „,μ΅°νμ 55λ§ν
[κ°¤λ­μ‹ Z ν”λ¦½5 | μ›μΉ6] Ecosystem Film | μ‚Όμ„±μ „μ,3κ°μ›” μ „,μ΅°νμ 4λ§ν
[κ°¤λ­μ‹ Z ν”λ¦½5] λΉ„μƒ(Fly High) - μ¤λ€ μκ² Write Now | μ‚Όμ„±μ „μ,3κ°μ›” μ „,μ΅°νμ 389λ§ν
[κ°¤λ­μ‹ Z ν΄λ“5 | Z ν”λ¦½5] Introduction Film | μ‚Όμ„±μ „μ,3κ°μ›” μ „,μ΅°νμ 2.5λ§ν
[κ°¤λ­μ‹ Z ν΄λ“5] Please Donβ€™t Go | μ‚Όμ„±μ „μ,3κ°μ›” μ „,μ΅°νμ 81λ§ν
[κ°¤λ­μ‹ Z ν”λ¦½5] Donβ€™t Cha? | μ‚Όμ„±μ „μ,3κ°μ›” μ „,μ΅°νμ 63λ§ν
[κ°¤λ­μ‹ μ›μΉ6 ν΄λμ‹] Time for New Classic | μ‚Όμ„±μ „μ,3κ°μ›” μ „,μ΅°νμ 990λ§ν
[κ°¤λ­μ‹ μ›μΉ6] This is My Watch | μ‚Όμ„±μ „μ,3κ°μ›” μ „,μ΅°νμ 927λ§ν
[κ°¤λ­μ‹ νƒ­ S9] νƒ­ ν•λ‚ μ°¨μ΄ β€“ μ„ νƒμ μ°¨μ΄ νΈ | μ‚Όμ„±μ „μ,3κ°μ›” μ „,μ΅°νμ 407λ§ν
[κ°¤λ­μ‹ νƒ­ S9] νƒ­ ν•λ‚ μ°¨μ΄ β€“ κ²°κ³Όμ μ°¨μ΄ νΈ | μ‚Όμ„±μ „μ,3κ°μ›” μ „,μ΅°νμ 179λ§ν
[κ°¤λ­μ‹ Z ν΄λ“5] λ€ν™”λ©΄ & λ©€ν‹°νƒμ¤ν‚Ή νΈ | μ‚Όμ„±μ „μ,3κ°μ›” μ „,μ΅°νμ 308λ§ν
[κ°¤λ­μ‹ Z ν”λ¦½5] ν”λ ‰μ¤ μλ„μ° νΈ | μ‚Όμ„±μ „μ,3κ°μ›” μ „,μ΅°νμ 111λ§ν
[κ°¤λ­μ‹ Z ν”λ¦½5] ν”λ ‰μ¤μΊ  νΈ | μ‚Όμ„±μ „μ,3κ°μ›” μ „,μ΅°νμ 120λ§ν
[κ°¤λ­μ‹] λΉ„μƒ(Fly High) ν‹°μ € | μ‚Όμ„±μ „μ,3κ°μ›” μ „,μ΅°νμ 8.9μ²ν
[κ°¤λ­μ‹] 2023 κ°¤λ­μ‹ μ–Έν© ν‹°μ €ο½μ‚Όμ„±μ „μ,4κ°μ›” μ „,μ΅°νμ 10λ§ν
[κ°¤λ­μ‹] Join the flip side 2 | μ‚Όμ„±μ „μ,4κ°μ›” μ „,μ΅°νμ 67λ§ν
"[κ°¤λ­μ‹] 2023λ…„ 7μ›” 26μΌ, κ°¤λ­μ‹ μ–Έν©ο½μ‚Όμ„±μ „μ",4κ°μ›” μ „,μ΅°νμ 2.1λ§ν
[λΉ„μ¦λ‹μ¤ λ„μ…μ‚¬λ΅€] ν•λΌλ‘λΌ κ°¤λ­μ‹ νƒ­ μ¤λ” μ†”λ£¨μ… | μ‚Όμ„±μ „μ,4κ°μ›” μ „,μ΅°νμ 1.4μ²ν
[Galaxy in WDJF] κ°¤λ­μ‹ X μ›”λ””ν μ• ν”„ν„° λ¬΄λΉ„ | μ‚Όμ„±μ „μ,5κ°μ›” μ „,μ΅°νμ 26λ§ν
[κ°¤λ­μ‹ λ²„μ¦2 ν”„λ΅] ν”„λ΅κ°€ μ¶”μ²ν•λ” Pro (Full ver.) β€“ BTS SUGA | μ‚Όμ„±μ „μ,6κ°μ›” μ „,μ΅°νμ 25λ§ν
[κ°¤λ­μ‹] Good Rules π™π¤π | μ‚Όμ„±μ „μ,6κ°μ›” μ „,μ΅°νμ 380λ§ν
[κ°¤λ­μ‹] Good Rules πβ›οΈβ™»οΈπ | μ‚Όμ„±μ „μ,6κ°μ›” μ „,μ΅°νμ 382λ§ν
[κ°¤λ­μ‹] Good Rules (Full ver.) | μ‚Όμ„±μ „μ,6κ°μ›” μ „,μ΅°νμ 371λ§ν
"[Galaxy in WDJF] κ°¤λ­μ‹, μ›”λ””νλ‘ λ§λ‚¬λ‹¤κ³ ?  | μ‚Όμ„±μ „μ",6κ°μ›” μ „,μ΅°νμ 232λ§ν
[κ°¤λ­μ‹ S23] γ…‡γ…‡γ…‡ μ½μ„νΈ νΈ | μ‚Όμ„±μ „μ,7κ°μ›” μ „,μ΅°νμ 213λ§ν
[κ°¤λ­μ‹ S23] γ…‡γ…‡γ…‡ ν€µ μ‰μ–΄ νΈ | μ‚Όμ„±μ „μ,7κ°μ›” μ „,μ΅°νμ 181λ§ν
[κ°¤λ­μ‹ S23] γ…‡γ…‡γ…‡ λ©€ν‹°μλ„μ° νΈ | μ‚Όμ„±μ „μ,7κ°μ›” μ „,μ΅°νμ 228λ§ν
[κ°¤λ­μ‹ λ¶ μ±”ν”Όμ–Έμ‹­] κ°¤λ­μ‹ S23λ΅ κ²μ„ μ λ€λ΅ μ¦κΈ°κΈ° | μ‚Όμ„±μ „μ,7κ°μ›” μ „,μ΅°νμ 3.8μ²ν
[κ°¤λ­μ‹ S23] γ…‡γ…‡γ…‡λ°°ν„°λ¦¬ νΈ | μ‚Όμ„±μ „μ,8κ°μ›” μ „,μ΅°νμ 435λ§ν
[κ°¤λ­μ‹ λ¶3 μ‹λ¦¬μ¦] Galaxy book3 Pro: Official Introduction Film | μ‚Όμ„±μ „μ,8κ°μ›” μ „,μ΅°νμ 2.1λ§ν
[κ°¤λ­μ‹ λ¶3 μ‹λ¦¬μ¦] Galaxy book3 Ultra: Official Introduction Film | μ‚Όμ„±μ „μ,8κ°μ›” μ „,μ΅°νμ 5.2μ²ν
[κ°¤λ­μ‹ λ¶3 μ‹λ¦¬μ¦] Galaxy book3 Ultra: Official Launch Film | μ‚Όμ„±μ „μ,8κ°μ›” μ „,μ΅°νμ 4μ²ν
[κ°¤λ­μ‹ S23] γ…‡γ…‡γ…‡ λ…ΈνΈλ¬λ²„νΈ | μ‚Όμ„±μ „μ,9κ°μ›” μ „,μ΅°νμ 443λ§ν
[κ°¤λ­μ‹ S23] γ…‡γ…‡γ…‡ μ¤λ§νΈμ‹±μ¤ λ£¨ν‹΄νΈ | μ‚Όμ„±μ „μ,9κ°μ›” μ „,μ΅°νμ 197λ§ν
[κ°¤λ­μ‹ S23] γ…‡γ…‡γ…‡ μ¤λ§νΈμ‹±μ¤ λ‚΄ ν° μ°ΎκΈ°νΈ | μ‚Όμ„±μ „μ,9κ°μ›” μ „,μ΅°νμ 195λ§ν
[κ°¤λ­μ‹ S23] γ…‡γ…‡γ…‡ κ²μ„νΈ | μ‚Όμ„±μ „μ,9κ°μ›” μ „,μ΅°νμ 257λ§ν
[κ°¤λ­μ‹ λ²„μ¦2 ν”„λ΅] λ°λ νƒ€μΈ λ°μ΄μ—λ” λ²„μ¦2 ν”„λ΅λ¥Ό μ„ λ¬Όν•μ„Έμ”,9κ°μ›” μ „,μ΅°νμ 64λ§ν
[κ°¤λ­μ‹ μ›μΉ5] λ°λ νƒ€μΈ λ°μ΄μ—λ” κ°¤λ­μ‹ μ›μΉ5λ¥Ό μ„ λ¬Όν•μ„Έμ”,9κ°μ›” μ „,μ΅°νμ 95λ§ν
[κ°¤λ­μ‹ S23] γ…‡γ…‡γ…‡ μ‚Όμ„±νμ΄νΈ | μ‚Όμ„±μ „μ,9κ°μ›” μ „,μ΅°νμ 384λ§ν
[κ°¤λ­μ‹ S23] γ…‡γ…‡γ…‡ 2μ–µ ν™”μ†νΈ | μ‚Όμ„±μ „μ,9κ°μ›” μ „,μ΅°νμ 304λ§ν
[κ°¤λ­μ‹ S23] γ…‡γ…‡γ…‡ λ‚μ΄ν† κ·Έλν”ΌνΈ | μ‚Όμ„±μ „μ,9κ°μ›” μ „,μ΅°νμ 311λ§ν
[κ°¤λ­μ‹ S23] γ…‡γ…‡γ…‡ μ¤νΈ | μ‚Όμ„±μ „μ,9κ°μ›” μ „,μ΅°νμ 308λ§ν
[κ°¤λ­μ‹ S23] γ…‡γ…‡γ…‡ μΆ…ν•©νΈ | μ‚Όμ„±μ „μ,9κ°μ›” μ „,μ΅°νμ 312λ§ν
